Fecha;Velocidad del viento;Direccion del viento;Humedad;Maxima rafaga de viento;PM10;PM2.5;Precipitacion;Presion;Radiacion Solar;Temperatura Ambiente
01-jul-23 00:00:00;1,149999976;125,4599991;95,48000336;1,570000052;57,90000153;26,15999985;0;758,3699951;0;11,98999977
01-jul-23 00:05:00;1,24000001;152,2799988;95,63999939;1,669999957;57,88999939;26,15999985;0;758,3599854;0;11,93999958
01-jul-23 00:10:00;1,25;140,4400024;95,86000061;1,669999957;57,88000107;26,17000008;0;758,3499756;0,02;11,85999966
01-jul-23 00:15:00;1,070000052;134,0599976;96,08000183;1,669999957;57,90000153;26,15999985;0;758,3300171;0,01;11,82999992
01-jul-23 00:20:00;1,190000057;137,4400024;96,16000366;2,059999943;56,81000137;26,14999962;0;758,2700195;0;11,80000019
01-jul-23 00:25:00;1,00999999;134,3600006;96,40000153;1,669999957;55,18999863;26,15999985;0;758,210022;0;11,72000027
01-jul-23 00:30:00;0,800000012;134,7200012;96,58000183;1,370000005;55,20999908;26,17000008;0;758,1599731;0;11,71000004
01-jul-23 00:35:00;1,200000048;134,3399963;96,66000366;1,960000038;55,22000122;28,69000053;0;758,2000122;0;11,71000004
01-jul-23 00:40:00;0,980000019;136,8600006;96,77999878;1,570000052;55,20999908;29,10000038;0;758,1699829;0;11,68000031
01-jul-23 00:45:00;1,200000048;131,4199982;96,80000305;1,860000014;55,20999908;29,09000015;0;758,1300049;0;11,61999989
01-jul-23 00:50:00;1,100000024;133,3200073;96,95999908;1,669999957;55,22000122;29,10000038;0;758,1300049;0;11,48999977
01-jul-23 00:55:00;0,709999979;147,2599945;97,18000031;1,269999981;55,20000076;29,09000015;0;758,1199951;0;11,43999958
01-jul-23 01:00:00;0,49000001;156,9600067;97,30000305;0,980000019;55,20999908;29,09000015;0;758,1099854;0;11,46000004
01-jul-23 01:05:00;0,709999979;149,6600037;97,41999817;1,370000005;55,20999908;29,12000084;0;758,1099854;0;11,51000023
01-jul-23 01:10:00;0,519999981;138,6199951;97,5;0,879999995;55,18999863;29,12999916;0;758,0900269;0;11,59000015
01-jul-23 01:15:00;0,660000026;143,7599945;97,54000092;1,269999981;55,20999908;29,11000061;0;758,0599976;0,02;11,64999962
01-jul-23 01:20:00;0,230000004;97,54000092;97,59999847;0,779999971;45,5;29,12000084;0;758,0599976;0,01;11,71000004
01-jul-23 01:25:00;0,430000007;115,4000015;97,59999847;0,980000019;31,47999954;29,12999916;0;758,039978;0;11,76000023
01-jul-23 01:30:00;0,159999996;44,52000046;97,63999939;0,689999998;31,46999931;29,12999916;0;758,0499878;0;11,82999992
01-jul-23 01:35:00;0,379999995;92,54000092;97,63999939;0,879999995;31,47999954;15,76000023;0;758,0100098;0;11,89000034
01-jul-23 01:40:00;0,639999986;120,7200012;97,69999695;1,269999981;31,46999931;13,56999969;0;757,9799805;0;11,93000031
01-jul-23 01:45:00;0,769999981;131,6199951;97,72000122;1,179999948;31,46999931;13,53999996;0;757,9299927;0;11,96000004
01-jul-23 01:50:00;0,839999974;125,9000015;97,72000122;1,470000029;31,46999931;13,56000042;0;757,8699951;0;11,97000027
01-jul-23 01:55:00;0,860000014;117,7200012;97,73999786;1,570000052;31,47999954;13,56999969;0;757,7999878;0;12
01-jul-23 02:00:00;0,99000001;138,1399994;97,72000122;1,669999957;31,47999954;13,56000042;0;757,7800293;0;12,03999996
01-jul-23 02:05:00;0,709999979;128,2400055;97,69999695;1,179999948;31,46999931;13,56000042;0;757,75;0;12,05000019
01-jul-23 02:10:00;0,709999979;125,6999969;97,76000214;1,269999981;31,46999931;13,57999992;0;757,7600098;0,01;12,06999969
01-jul-23 02:15:00;0,479999989;109,8099976;97,73999786;1,179999948;31,47999954;13,56000042;0;757,7299805;0,02;12,10000038
01-jul-23 02:20:00;0,230000004;96,37999725;97,69999695;0,689999998;37,29999924;13,55000019;0;757,7000122;0,01;12,11999989
01-jul-23 02:25:00;0,449999988;77,22000122;97,62000275;1,080000043;45,63000107;13,56999969;0;757,6799927;0;12,11999989
01-jul-23 02:30:00;0,75;136,3399963;97,59999847;1,080000043;45,63999939;13,56999969;0;757,6199951;0;12,09000015
01-jul-23 02:35:00;0,469999999;131,4600067;97,58000183;0,980000019;45,63000107;14,40999985;0;757,6099854;0;12,02999973
01-jul-23 02:40:00;0,370000005;125,3600006;97,58000183;0,779999971;45,63000107;14,52999973;0;757,5700073;0;11,98999977
01-jul-23 02:45:00;0,800000012;137,3800049;97,55999756;1,370000005;45,63999939;14,52000046;0;757,539978;0;11,97000027
01-jul-23 02:50:00;0,629999995;129,0399933;97,54000092;1,470000029;45,63000107;14,52999973;0;757,5599976;0;11,97000027
01-jul-23 02:55:00;0,889999986;140,8800049;97,5;1,860000014;45,63999939;14,52999973;0;757,539978;0;11,97000027
01-jul-23 03:00:00;0,349999994;134,4600067;97,48000336;1,570000052;45,63999939;14,52000046;0;757,5200195;0;11,94999981
01-jul-23 03:05:00;0,159999996;95,58000183;97,41999817;1,370000005;45,63999939;14,53999996;0;757,5300293;0;11,97000027
01-jul-23 03:10:00;1,120000005;132,5399933;97,41999817;2,160000086;45,65000153;14,53999996;0;757,4899902;0,01;11,97999954
01-jul-23 03:15:00;0,529999971;88,13999939;97,36000061;1,179999948;45,63999939;14,52000046;0;757,4500122;0,01;12,01000023
01-jul-23 03:20:00;0,519999981;117,7200012;97,33999634;1,269999981;47,58000183;14,52999973;0;757,4099731;0,01;12,03999996
01-jul-23 03:25:00;0,74000001;140,6199951;97,26000214;1,269999981;50,29000092;14,53999996;0;757,3599854;0;12,09000015
01-jul-23 03:30:00;0,670000017;125,4800034;97,18000031;0,980000019;50,31000137;14,52999973;0;757,3099976;0;12,11999989
01-jul-23 03:35:00;0,74000001;121,5599976;97,09999847;1,080000043;50,29000092;16,39999962;0;757,289978;0;12,15999985
01-jul-23 03:40:00;0,579999983;113,7600021;97,04000092;1,179999948;50,31000137;16,70000076;0;757,2700195;0;12,18999958
01-jul-23 03:45:00;0,49000001;135,4400024;96,90000153;1,080000043;50,31000137;16,68000031;0;757,25;0;12,21000004
01-jul-23 03:50:00;0,449999988;82,37000275;96,80000305;1,370000005;50,29999924;16,69000053;0;757,2199707;0;12,21000004
01-jul-23 03:55:00;0,730000019;104,1600037;96,77999878;1,370000005;50,31000137;16,70000076;0;757,2399902;0;12,21000004
01-jul-23 04:00:00;0,360000014;104,5199966;96,69999695;1,179999948;50,31000137;16,70000076;0;757,3200073;0;12,22999954
01-jul-23 04:05:00;0,119999997;62,41999817;96,58000183;0,589999974;50,29999924;16,70000076;0;757,3400269;0;12,26000023
01-jul-23 04:10:00;0,039999999;60,90000153;96,37999725;0,389999986;50,29999924;16,72999954;0;757,3599854;0,02;12,27000046
01-jul-23 04:15:00;0,280000001;248,2799988;96,27999878;0,879999995;50,29999924;16,70999908;0;757,3599854;0,01;12,22000027
01-jul-23 04:20:00;0,119999997;109,1800003;96,22000122;0,779999971;44,90000153;16,68000031;0;757,3599854;0;12,21000004
01-jul-23 04:25:00;0,180000007;76,37999725;96,12000275;0,589999974;37,09999847;16,70999908;0;757,3400269;0;12,21000004
01-jul-23 04:30:00;0,360000014;80,27999878;96;0,980000019;37,11000061;16,71999931;0;757,3300171;0;12,19999981
01-jul-23 04:35:00;0,090000004;48,47999954;95,90000153;0,689999998;37,09000015;13,40999985;0;757,3200073;0;12,18999958
01-jul-23 04:40:00;0,479999989;106,4300003;95,72000122;1,370000005;37,09000015;12,86999989;0;757,2999878;0;12,21000004
01-jul-23 04:45:00;0,07;25,15999985;95,54000092;0,49000001;37,11000061;12,85000038;0;757,3200073;0;12,21000004
01-jul-23 04:50:00;0,430000007;129,8999939;95,41999817;0,980000019;37,09000015;12,85999966;0;757,3300171;0;12,21000004
01-jul-23 04:55:00;0,600000024;134,5200043;95,22000122;0,779999971;37,09999847;12,86999989;0;757,3200073;0;12,23999977
01-jul-23 05:00:00;0,889999986;133,8999939;95,05999756;1,370000005;37,11000061;12,86999989;0;757,3599854;0;12,26000023
01-jul-23 05:05:00;0,800000012;127,5400009;94,83999634;1,75999999;37,09000015;12,88000011;0;757,3900146;0;12,30000019
01-jul-23 05:10:00;0,730000019;93,33999634;94,59999847;1,269999981;37,09999847;12,89000034;0;757,3900146;0,02;12,35000038
01-jul-23 05:15:00;0,600000024;46;94,33999634;1,080000043;37,11000061;12,86999989;0;757,4099731;0,01;12,36999989
01-jul-23 05:20:00;0,889999986;62,02000046;94,16000366;1,570000052;35,72999954;12,85999966;0;757,4500122;0;12,36999989
01-jul-23 05:25:00;0,769999981;135,7100067;93,90000153;1,75999999;33,68999863;12,86999989;0;757,4699707;0;12,39999962
01-jul-23 05:30:00;0,730000019;177,9799957;93,58000183;1,470000029;33,70999908;12,88000011;0;757,4500122;0;12,44999981
01-jul-23 05:35:00;0,430000007;134,4700012;93,30000305;1,269999981;33,70999908;16,61000061;0;757,4299927;0;12,47000027
01-jul-23 05:40:00;0,639999986;198,5099945;92,98000336;1,75999999;33,70000076;17,19000053;0;757,460022;0;12,48999977
01-jul-23 05:45:00;0,879999995;272,4100037;92,76000214;1,860000014;33,70999908;17,17000008;0;757,4699707;0;12,48999977
01-jul-23 05:50:00;0,50999999;110,7099991;92,55999756;1,370000005;33,70999908;17,19000053;0;757,4400024;0;12,48999977
01-jul-23 05:55:00;0,670000017;95,15000153;92,36000061;1,75999999;33,70999908;17,19000053;0;757,4500122;0;12,48999977
01-jul-23 06:00:00;0,050000001;108,9400024;92,18000031;0,389999986;33,70999908;17,19000053;0;757,460022;0;12,5
01-jul-23 06:05:00;0,579999983;117,3099976;91,98000336;1,669999957;33,70999908;17,19000053;0;757,4400024;0,01;12,5
01-jul-23 06:10:00;1,399999976;20,21999931;91,73999786;3,140000105;33,68999863;17,18000031;0;757,4199829;0,02;12,44999981
01-jul-23 06:15:00;1,320000052;149,2599945;91,62000275;3,039999962;33,70999908;17,17000008;0;757,3800049;0;12,42000008
01-jul-23 06:20:00;0,519999981;55,66999817;91,51999664;1,470000029;37,22000122;17,15999985;0;757,3400269;0;12,40999985
01-jul-23 06:25:00;1,730000019;153,5700073;91,27999878;3,720000029;42,22000122;17,17000008;0;757,3300171;0;12,39000034
01-jul-23 06:30:00;1,190000057;20,27000046;91,16000366;1,860000014;42,22000122;17,17000008;0;757,3499756;0;12,35000038
01-jul-23 06:35:00;0,310000002;11,19999981;90,98000336;0,980000019;42,22000122;12,15999985;0;757,4000244;0;12,35000038
01-jul-23 06:40:00;0,129999995;221,8800049;90,91999817;0,689999998;42,22999954;11,35000038;0;757,4199829;0;12,32999992
01-jul-23 06:45:00;0,409999996;193,0800018;90,81999969;1,080000043;42,22999954;11,35000038;0;757,4899902;0;12,31999969
01-jul-23 06:50:00;0,460000008;245,0099945;90,69999695;1,570000052;42,22000122;11,34000015;0;757,5200195;0;12,28999996
01-jul-23 06:55:00;0,300000012;88,66000366;90,66000366;1,269999981;42,22999954;11,35000038;0;757,5700073;0;12,31000042
01-jul-23 07:00:00;0,699999988;44,40000153;90,5;1,370000005;42,22999954;11,35999966;0;757,6199951;0;12,31000042
01-jul-23 07:05:00;0,800000012;76,44000244;90,33999634;1,370000005;42,22000122;11,36999989;0;757,6699829;0;12,31000042
01-jul-23 07:10:00;1,039999962;85,70999908;90,19999695;2,059999943;42,22999954;11,35000038;0;757,7000122;0,02;12,27999973
01-jul-23 07:15:00;1,039999962;36,06000137;90,12000275;2,160000086;42,24000168;11,35000038;0;757,75;0,02;12,27000046
01-jul-23 07:20:00;0,949999988;92,62000275;90;2,349999905;38,15000153;11,34000015;0;757,789978;0,039999999;12,26000023
01-jul-23 07:25:00;1,549999952;22,12000084;89,90000153;2,940000057;32,22000122;11,35999966;0;757,8300171;0,140000001;12,25
01-jul-23 07:30:00;1,299999952;64,30999756;89,86000061;2,450000048;32,20999908;11,35999966;0;757,8400269;0,409999996;12,25
01-jul-23 07:35:00;1,00999999;65,73999786;89,80000305;2,25;32,22000122;14,31000042;0;757,8499756;0,920000017;12,25
01-jul-23 07:40:00;1,320000052;50,36999893;89,69999695;2,450000048;32,22000122;14,77999973;0;757,8599854;1,549999952;12,25
01-jul-23 07:45:00;0,819999993;30,29999924;89,59999847;1,470000029;32,20000076;14,75;0;757,8800049;2,029999971;12,27000046
01-jul-23 07:50:00;0,550000012;132,4299927;89,51999664;1,269999981;32,20999908;14,77000046;0;757,9000244;3,099999905;12,30000019
01-jul-23 07:55:00;1,090000033;111,8600006;89,45999908;2,940000057;32,20999908;14,77999973;0;757,9099731;4,639999866;12,31000042
01-jul-23 08:00:00;1,549999952;289,519989;89,31999969;2,839999914;32,20999908;14,77999973;0;757,9500122;8,119999886;12,31000042
01-jul-23 08:05:00;0,99000001;156,1499939;89,27999878;3,140000105;32,20000076;14,78999996;0;758;10,97000027;12,31999969
01-jul-23 08:10:00;1,860000014;94,02999878;89,19999695;3,230000019;32,22000122;14,77000046;0;758,0599976;14,86999989;12,31999969
01-jul-23 08:15:00;0,870000005;30,61000061;89,13999939;2,059999943;32,22000122;14,77999973;0;758,0999756;18;12,32999992
01-jul-23 08:20:00;1,429999948;82,62999725;89,01999664;3,630000114;32,45000076;14,77000046;0;758,1599731;16,05999947;12,36999989
01-jul-23 08:25:00;0,119999997;144,2899933;88,87999725;0,589999974;32,74000168;14,77999973;0;758,2199707;16,75;12,40999985
01-jul-23 08:30:00;0,819999993;160,8899994;88,72000122;1,669999957;32,74000168;14,77999973;0;758,2800293;17,61000061;12,42000008
01-jul-23 08:35:00;1,580000043;295,519989;88,62000275;2,74000001;32,75;16,45999908;0;758,3200073;22,32999992;12,43000031
01-jul-23 08:40:00;1,200000048;79,69000244;88,45999908;2,349999905;32,75999832;16,70999908;0;758,4199829;27,39999962;12,43999958
01-jul-23 08:45:00;1,090000033;204,3099976;88,30000305;2,349999905;32,72999954;16,70000076;0;758,4899902;32,22999954;12,47000027
01-jul-23 08:50:00;1,120000005;205,2200012;88,05999756;2,549999952;32,74000168;16,70999908;0;758,5499878;38,20000076;12,52000046
01-jul-23 08:55:00;1,399999976;212,2700043;87,80000305;2,839999914;32,75;16,70999908;0;758,6500244;37,06999969;12,52999973
01-jul-23 09:00:00;0,839999974;317,0400085;87,81999969;1,470000029;32,75;16,70999908;0;758,710022;40,29999924;12,57999992
01-jul-23 09:05:00;1,090000033;89,83999634;87,37999725;2,059999943;32,74000168;16,70000076;0;758,7600098;42,93999863;12,68999958
01-jul-23 09:10:00;1,230000019;270,3099976;87,16000366;2,25;32,74000168;16,71999931;0;758,7600098;38,5;12,67000008
01-jul-23 09:15:00;0,769999981;152,1100006;86,95999908;1,75999999;32,75;16,70000076;0;758,8499756;39,24000168;12,68999958
01-jul-23 09:20:00;1,019999981;273,1900024;86,69999695;2,450000048;33,84999847;16,69000053;0;758,9500122;47,16999817;12,73999977
01-jul-23 09:25:00;1,289999962;208,3699951;86,40000153;2,839999914;35,40000153;16,70999908;0;759,0300293;48,45000076;12,77000046
01-jul-23 09:30:00;1,279999971;206,5500031;86,23999786;2,549999952;35,40999985;16,70000076;0;759,1300049;51,72999954;12,77999973
01-jul-23 09:35:00;1,99000001;80,83999634;85,98000336;3,140000105;35,40000153;15,44999981;0;759,210022;59,54999924;12,82999992
01-jul-23 09:40:00;2,069999933;145,2700043;85,51999664;3,720000029;35,40999985;15,23999977;0;759,2700195;50,84999847;12,84000015
01-jul-23 09:45:00;1,080000043;272,5100098;85,31999969;2,650000095;35,41999817;15,22000027;0;759,3499756;45,63999939;12,89999962
01-jul-23 09:50:00;1,960000038;346,6000061;85,09999847;4,119999886;35,40999985;15,22999954;0;759,4400024;54,20999908;12,94999981
01-jul-23 09:55:00;1,659999967;139,9199982;84,90000153;2,839999914;35,38999939;15,23999977;0;759,5100098;44,25999832;13,02000046
01-jul-23 10:00:00;2,460000038;318,480011;84,31999969;4,409999847;35,41999817;15,23999977;0;759,5900269;52,91999817;13,07999992
01-jul-23 10:05:00;2,74000001;219,0599976;83,95999908;5,289999962;35,40000153;15,23999977;0;759,6699829;53,22999954;13,10000038
01-jul-23 10:10:00;2,049999952;209,6900024;84,01999664;3,430000067;35,40000153;15,22999954;0;759,710022;57,86000061;13,14999962
01-jul-23 10:15:00;2,200000048;147,0700073;83,83999634;4,210000038;35,41999817;15,22999954;0;759,7600098;60,90999985;13,22000027
01-jul-23 10:20:00;2,049999952;80,19000244;83,63999939;3,819999933;34,52000046;15,21000004;0;759,7800293;66,88999939;13,25
01-jul-23 10:25:00;1,659999967;219,3800049;83,5;3,430000067;33,22999954;15,23999977;0;759,8099976;70,94000244;13,32999992
01-jul-23 10:30:00;2,480000019;214,8000031;83;4,900000095;33,22000122;15,25;0;759,8499756;73,23000336;13,43000031
01-jul-23 10:35:00;1,99000001;213,4299927;82,63999939;4,210000038;33,22999954;11,47999954;0;759,9000244;78,27999878;13,47999954
01-jul-23 10:40:00;2,730000019;282,1199951;81,95999908;4,210000038;33,22999954;10,89000034;0;759,9400024;82,58999634;13,52000046
01-jul-23 10:45:00;2,170000076;8,539999962;81,54000092;4,309999943;33,22999954;10,89999962;0;759,9799805;83,43000031;13,53999996
01-jul-23 10:50:00;2,079999924;213,1799927;80,86000061;4,510000229;33,22999954;10,89999962;0;759,9899902;87,08000183;13,65999985
01-jul-23 10:55:00;3,279999971;219,9400024;80,19000244;5,099999905;33,20999908;10,89999962;0;759,9899902;93,19999695;13,71000004
01-jul-23 11:00:00;2,960000038;278,6099854;79,77999878;4,900000095;33,22000122;10,89999962;0;760,0300293;93,23999786;13,77000046
01-jul-23 11:05:00;1,789999962;215,1900024;79,75;3,819999933;33,22999954;10,86999989;0;760,0300293;92,23999786;13,84000015
01-jul-23 11:10:00;2,75999999;347,0400085;78,86000061;4,800000191;33,22000122;10,89000034;0;760,0700073;98,91999817;13,94999981
01-jul-23 11:15:00;2,950000048;284,0100098;78,56999969;4,409999847;33,22999954;10,89999962;0;760,0800171;118,5800018;13,93000031
01-jul-23 11:20:00;2,599999905;215,4499969;78,16999817;4,800000191;29,92000008;10,89999962;0;760,0800171;121,3000031;14,01000023
01-jul-23 11:25:00;2,599999905;341,8999939;77,59999847;4,210000038;25,12000084;10,89000034;0;760,1099854;114,9599991;14,10999966
01-jul-23 11:30:00;2,829999924;339,3800049;77,65000153;4,510000229;25,12000084;10,89999962;0;760,1400146;117,2200012;14,10999966
01-jul-23 11:35:00;2,690000057;274,6499939;78,31999969;4,510000229;25,13999939;13;0;760,1500244;113,7399979;14,14000034
01-jul-23 11:40:00;2,380000114;340,1799927;77,69999695;5,78000021;25,13999939;13,32999992;0;760,1599731;131,4400024;14,28999996
01-jul-23 11:45:00;2,720000029;282,6099854;77,33000183;5,190000057;25,14999962;13,31999969;0;760,1900024;147,6399994;14,30000019
01-jul-23 11:50:00;2,839999914;340,980011;76,61000061;4,510000229;25,14999962;13,31000042;0;760,1900024;164,2200012;14,35000038
01-jul-23 11:55:00;2,579999924;270,0599976;75,69999695;5,590000153;25,12999916;13,31999969;0;760,1400146;168,6999969;14,56000042
01-jul-23 12:00:00;3,369999886;282,269989;75,12999725;5,489999771;25,12999916;13,31999969;0;760,1099854;150,6600037;14,60000038
01-jul-23 12:05:00;3,349999905;347,3399963;75,51000214;5,880000114;25,13999939;13,31000042;0;760,1199951;157;14,47999954
01-jul-23 12:10:00;3,309999943;278,6199951;75,73000336;5,590000153;25,12999916;13,31999969;0;760,0800171;135,9199982;14,43000031
01-jul-23 12:15:00;3,789999962;279,9899902;75,98999786;5,590000153;25,13999939;13,31000042;0;760,0300293;142,4400024;14,46000004
01-jul-23 12:20:00;3,690000057;276,7999878;76,19000244;5,679999828;29,37000084;13,31999969;0;760,0300293;140,2799988;14,39000034
01-jul-23 12:25:00;3,160000086;283,7200012;75,93000031;6,079999924;35,40000153;13,32999992;0;760,0300293;143,1000061;14,44999981
01-jul-23 12:30:00;2,400000095;329,3399963;75,48999786;5,489999771;35,38000107;13,35000038;0;760,0100098;169,0599976;14,64999962
01-jul-23 12:35:00;4,03000021;320,5;74,84999847;5,980000019;35,40000153;13,15999985;0;759,9899902;201,6799927;14,75
01-jul-23 12:40:00;3,400000095;322,7799988;74,76000214;5,190000057;35,40000153;13,11999989;0;759,9799805;212,8399963;14,69999981
01-jul-23 12:45:00;3,799999952;318,2799988;74,51000214;6,170000076;35,38999939;13,11999989;0;759,9799805;190,8999939;14,77999973
01-jul-23 12:50:00;3,380000114;322,3399963;75,22000122;4,900000095;35,40000153;13,10999966;0;759,9799805;177,8200073;14,67000008
01-jul-23 12:55:00;3,900000095;321,2399902;75,43000031;6,079999924;35,40000153;13,10000038;0;759,9899902;161,1399994;14,64999962
01-jul-23 13:00:00;3,660000086;315,0599976;75,98000336;5,389999866;35,38999939;13,10000038;0;759,9500122;201,8399963;14,61999989
01-jul-23 13:05:00;3,869999886;317,1199951;74,76999664;5,880000114;35,38999939;13,10000038;0;759,9299927;259,5599976;14,78999996
01-jul-23 13:10:00;3,119999886;325,2000122;73,01000214;4,699999809;35,38999939;13,09000015;0;759,9699707;195,7799988;15,10000038
01-jul-23 13:15:00;3,079999924;330,1000061;72,70999908;5,190000057;35,40000153;13,07999992;0;759,9899902;170,2200012;15,13000011
01-jul-23 13:20:00;2,809999943;324,4400024;72,65000153;4,610000134;32,20999908;13,09000015;0;759,9799805;159,6199951;15,10999966
01-jul-23 13:25:00;2,349999905;338,2399902;72,30999756;3,819999933;27,59000015;13,10000038;0;759,9699707;161,6999969;15,14000034
01-jul-23 13:30:00;3;331,019989;71,77999878;4,610000134;27,57999992;13,10000038;0;759,9799805;169,6799927;15,26000023
01-jul-23 13:35:00;2,50999999;330,3999939;72,20999908;3,819999933;27,59000015;14,14999962;0;760;190,8600006;15,27000046
01-jul-23 13:40:00;2,769999981;322,8599854;71,76000214;4,610000134;27,57999992;14,31999969;0;760,0599976;210,5200043;15,39000034
01-jul-23 13:45:00;2,700000048;340,6199951;71,58000183;4,800000191;27,59000015;14,31999969;0;760,0800171;230;15,44999981
01-jul-23 13:50:00;3,269999981;329,8999939;71,06999969;5,590000153;27,59000015;14,31000042;0;760,0900269;210,7799988;15,56999969
01-jul-23 13:55:00;3,130000114;331,6199951;71,83999634;5,099999905;27,59000015;14,30000019;0;760,0900269;189,6799927;15,32999992
01-jul-23 14:00:00;3,069999933;335,1199951;70,37999725;5,489999771;27,57999992;14,31000042;0;760,0800171;181,0399933;15,5
01-jul-23 14:05:00;3,230000019;331,7000122;70,84999847;5,389999866;27,56999969;14,30000019;0;760,039978;176,5800018;15,5
01-jul-23 14:10:00;2,900000095;329,3800049;70,98999786;4,610000134;27,60000038;14,27000046;0;760,0100098;174,6399994;15,43999958
01-jul-23 14:15:00;3,150000095;334,5400085;69,95999908;5;27,60000038;14,27999973;0;759,9799805;195,9600067;15,46000004
01-jul-23 14:20:00;3,200000048;322,2799988;69,66000366;4,800000191;25,61000061;14,31999969;0;759,9799805;186,4799957;15,52999973
01-jul-23 14:25:00;2,640000105;327,3800049;70,66000366;4,510000229;22,69000053;14,32999992;0;760;175,8600006;15,48999977
01-jul-23 14:30:00;3,069999933;328,6199951;70,80000305;5,590000153;22,70000076;14,31999969;0;760,0499878;150,1799927;15,55000019
01-jul-23 14:35:00;3,019999981;315,1799927;72,26000214;5,099999905;22,69000053;19,31999969;0;760,0700073;139,5800018;15,40999985
01-jul-23 14:40:00;2,970000029;305,2200012;71,70999908;4,510000229;22,71999931;20,10000038;0;760,0700073;134,5599976;15,40999985
01-jul-23 14:45:00;3,089999914;300,0299988;72,20999908;4,800000191;22,70999908;20,09000015;0;760,1199951;129,7299957;15,31000042
01-jul-23 14:50:00;2,5;303,8399963;72,08000183;4,119999886;22,70000076;20,10000038;0;760,1199951;124,9000015;15,19999981
01-jul-23 14:55:00;2,630000114;307,3200073;72,51999664;4,409999847;22,70000076;20,09000015;0;760,1300049;117,4800034;15,26000023
01-jul-23 15:00:00;2,220000029;338,4200134;72,08999634;3,329999924;22,70999908;20,09000015;0;760,1300049;113,1999969;15,23999977
01-jul-23 15:05:00;1,899999976;332,6799927;72,76000214;3,140000105;22,70999908;20,07999992;0;760,1599731;119,1299973;15,17000008
01-jul-23 15:10:00;2,25;316,6000061;71,37000275;3,529999971;22,70000076;20,10000038;0;760,1900024;110,7799988;15,27999973
01-jul-23 15:15:00;2;322,6600037;72,44000244;3,230000019;22,70999908;20,07999992;0;760,1699829;111,5999985;15,23999977
01-jul-23 15:20:00;1,679999948;320,5799866;71,44999695;3,329999924;26,82999992;20,07999992;0;760,2000122;111,5999985;15,34000015
01-jul-23 15:25:00;1,899999976;266,5299988;70,88999939;3,329999924;32,74000168;20,09000015;0;760,1699829;110,6999969;15,43999958
01-jul-23 15:30:00;2,170000076;340,1000061;70,94999695;3,630000114;32,75;20,10000038;0;760,1400146;114,0400009;15,34000015
01-jul-23 15:35:00;0,970000029;327,6600037;70,66000366;1,960000038;32,72999954;15,72000027;0;760,1599731;105,7799988;15,43000031
01-jul-23 15:40:00;1,75999999;324,3200073;69,94999695;3,230000019;32,75;15,02999973;0;760,1799927;105,9000015;15,60000038
01-jul-23 15:45:00;2,559999943;314,8399963;70,38999939;4,610000134;32,75;15,01000023;0;760,1699829;103,7399979;15,55000019
01-jul-23 15:50:00;2,470000029;328,3800049;71,16000366;3,819999933;32,72000122;15,01000023;0;760,1699829;93,08000183;15,43000031
01-jul-23 15:55:00;2,720000029;299,7000122;71,97000122;4,019999981;32,74000168;15,01000023;0;760,1599731;93,22000122;15,28999996
01-jul-23 16:00:00;2,470000029;305;71,98999786;3,819999933;32,75999832;15,01000023;0;760,1599731;92,37999725;15,21000004
01-jul-23 16:05:00;2,119999886;303,980011;71,62999725;3,230000019;32,74000168;15,02000046;0;760,1699829;91,08000183;15,32999992
01-jul-23 16:10:00;2,230000019;317,8599854;70,65000153;3,630000114;32,74000168;15,01000023;0;760,25;84,12000275;15,34000015
01-jul-23 16:15:00;2,210000038;299,980011;70,91000366;3,529999971;32,75999832;15,01000023;0;760,2999878;83,36000061;15,27999973
01-jul-23 16:20:00;2,079999924;299,9400024;70,69000244;3,720000029;30,45000076;15,01000023;0;760,3200073;79,65000153;15,31999969
01-jul-23 16:25:00;1,669999957;318,6199951;70,40000153;3,140000105;27,10000038;15,02000046;0;760,3499756;76;15,31999969
01-jul-23 16:30:00;1,25999999;291,7600098;71,23999786;2,160000086;27,12000084;15,02000046;0;760,4000244;66,52999878;15,26000023
01-jul-23 16:35:00;1,039999962;281,2200012;71,73999786;2,839999914;27,12000084;12,30000019;0;760,4199829;61,15999985;15,26000023
01-jul-23 16:40:00;0,839999974;284,6000061;71,91999817;2,160000086;27,11000061;11,85999966;0;760,4500122;57,90000153;15,28999996
01-jul-23 16:45:00;1,659999967;290,0599976;73,19000244;3,230000019;27,10000038;11,88000011;0;760,460022;51,08000183;15,19999981
01-jul-23 16:50:00;1,75999999;305,7000122;74,30999756;3,140000105;27,10000038;11,85999966;0;760,4899902;41,77000046;15
01-jul-23 16:55:00;2,00999999;302,3200073;74,69999695;2,74000001;27,10000038;11,85000038;0;760,5499878;36,29000092;14,92000008
01-jul-23 17:00:00;1,929999948;304,8800049;75,08999634;3,140000105;27,12000084;11,85999966;0;760,5700073;33,34999847;14,82999992
01-jul-23 17:05:00;2,049999952;320,519989;75,58000183;3,430000067;27,10000038;11,86999989;0;760,6099854;27,09000015;14,81999969
01-jul-23 17:10:00;1,629999995;303,5400085;76,08000183;3,140000105;27,11000061;11,85999966;0;760,6599731;21,36000061;14,68999958
01-jul-23 17:15:00;1,440000057;301,0599976;76,34999847;2,160000086;27,12000084;11,85000038;0;760,7000122;18,92000008;14,75
01-jul-23 17:20:00;2,119999886;312,8800049;76,13999939;3,039999962;27,12999916;11,84000015;0;760,7399902;15,77999973;14,68999958
01-jul-23 17:25:00;1,110000014;310,3800049;77,13999939;1,669999957;27,10000038;11,85000038;0;760,75;12,97999954;14,71000004
01-jul-23 17:30:00;1,720000029;295,8999939;77,05999756;2,839999914;27,10000038;11,89000034;0;760,7700195;10,86999989;14,67000008
01-jul-23 17:35:00;1,980000019;293,8599854;76,80000305;2,650000095;27,12000084;8,659999847;0;760,8200073;8,789999962;14,64000034
01-jul-23 17:40:00;1,350000024;289,1199951;78,30999756;2,059999943;27,09000015;8,159999847;0;760,8499756;7,409999847;14,60000038
01-jul-23 17:45:00;0,730000019;277,6000061;79,27999878;1,669999957;27,11000061;8,140000343;0;760,8900146;5,489999771;14,51000023
01-jul-23 17:50:00;0,819999993;269,6400146;78,52999878;1,960000038;27,12000084;8,140000343;0;760,960022;3,599999905;14,43999958
01-jul-23 17:55:00;1,299999952;283,3599854;77,06999969;2,349999905;27,12000084;8,130000114;0;760,960022;2,170000076;14,40999985
01-jul-23 18:00:00;1,340000033;296,1199951;76,98000336;1,960000038;27,07999992;8,130000114;0;761,0100098;1,440000057;14,52999973
01-jul-23 18:05:00;0,99000001;293,480011;77,75;1,470000029;27,10000038;8,109999657;0;761,0300293;1,429999948;14,56000042
01-jul-23 18:10:00;0,860000014;293,8800049;78,44000244;1,75999999;27,10000038;8,130000114;0;761,0499878;1,080000043;14,57999992
01-jul-23 18:15:00;1,100000024;320,7799988;78,76999664;1,669999957;27,11000061;8,130000114;0;761,0499878;0,589999974;14,53999996
01-jul-23 18:20:00;0,949999988;333,5799866;78,94000244;1,570000052;27,21999931;8,119999886;0;761,0999756;0,170000002;14,47999954
01-jul-23 18:25:00;1,389999986;265,7200012;78,73999786;2,74000001;27,32999992;8,130000114;0;761,0900269;0,050000001;14,43999958
01-jul-23 18:30:00;1,269999981;297,0799866;77,23000336;2,450000048;27,34000015;8,149999619;0;761,1099854;0,01;14,35000038
01-jul-23 18:35:00;1,549999952;316,8599854;76,23000336;2,450000048;27,34000015;10,53999996;0;761,2000122;0;14,39999962
01-jul-23 18:40:00;1,730000019;335,5400085;76,72000122;2,650000095;27,35000038;10,89999962;0;761,2299805;0;14,53999996
01-jul-23 18:45:00;1,580000043;331,5599976;76,70999908;2,650000095;27,35000038;10,89000034;0;761,25;0;14,5
01-jul-23 18:50:00;1,960000038;326,5599976;76,27999878;3,140000105;27,35000038;10,89000034;0;761,2999878;0;14,46000004
01-jul-23 18:55:00;1,840000033;329,5799866;76,19000244;2,940000057;27,35000038;10,89000034;0;761,3400269;0;14,46000004
01-jul-23 19:00:00;1,879999995;328,3800049;76,12999725;3,329999924;27,34000015;10,89000034;0;761,4000244;0,02;14,43000031
01-jul-23 19:05:00;1,870000005;333,0400085;75,94999695;2,940000057;27,34000015;10,89000034;0;761,4199829;0,01;14,42000008
01-jul-23 19:10:00;1,720000029;334,1400146;75,44000244;3,529999971;27,34000015;10,86999989;0;761,4099731;0;14,38000011
01-jul-23 19:15:00;2,00999999;338,3200073;75,04000092;3,230000019;27,35000038;10,88000011;0;761,4099731;0;14,35999966
01-jul-23 19:20:00;1,720000029;210,8800049;74,91000366;2,74000001;29,87000084;10,89000034;0;761,3900146;0;14,35000038
01-jul-23 19:25:00;2,00999999;283,9500122;74,80000305;3,140000105;33,45999908;10,89999962;0;761,4000244;0;14,35000038
01-jul-23 19:30:00;1,75;285,019989;74,70999908;2,839999914;33,45999908;10,90999985;0;761,4099731;0;14,35000038
01-jul-23 19:35:00;1,870000005;268,8299866;74,79000092;2,940000057;33,45999908;12,81999969;0;761,4400024;0;14,32999992
01-jul-23 19:40:00;1,629999995;336,9400024;74,86000061;3,039999962;33,45999908;13,10999966;0;761,5100098;0;14,32999992
01-jul-23 19:45:00;1,090000033;333,8399963;74,88999939;1,75999999;33,45000076;13,10999966;0;761,5499878;0;14,32999992
01-jul-23 19:50:00;1,230000019;328,3999939;74,94000244;2,74000001;33,45999908;13,10999966;0;761,5999756;0,01;14,35000038
01-jul-23 19:55:00;1,590000033;334,5799866;75,18000031;2,839999914;33,47000122;13,09000015;0;761,6099854;0,02;14,34000015
01-jul-23 20:00:00;1,700000048;312,019989;75,58000183;3,140000105;33,45999908;13,06999969;0;761,6099854;0,01;14,32999992
01-jul-23 20:05:00;0,529999971;241,6600037;75,81999969;2,25;33,45999908;13,07999992;0;761,6599731;0;14,30000019
01-jul-23 20:10:00;0,930000007;285,8599854;76,05000305;1,960000038;33,47000122;13,07999992;0;761,7299805;0;14,30000019
01-jul-23 20:15:00;1,409999967;317,1400146;76,29000092;2,349999905;33,47000122;13,06999969;0;761,7600098;0;14,32999992
01-jul-23 20:20:00;0,75999999;330;76,66000366;1,470000029;28,65999985;13,07999992;0;761,8099976;0;14,35000038
01-jul-23 20:25:00;0,400000006;300,7799988;76,93000031;0,879999995;21,70000076;13,10000038;0;761,8900146;0;14,35000038
01-jul-23 20:30:00;1,059999943;309,6799927;76,98000336;2,059999943;21,70000076;13,10999966;0;761,9000244;0;14,31999969
01-jul-23 20:35:00;1,909999967;294,5599976;76,94999695;3,529999971;21,70999908;9,699999809;0;761,960022;0;14,31000042
01-jul-23 20:40:00;1,820000052;291,1000061;76,98000336;2,839999914;21,71999931;9,159999847;0;762,039978;0;14,28999996
01-jul-23 20:45:00;1,330000043;288,9599915;77,09999847;2,059999943;21,71999931;9,170000076;0;762,0900269;0,01;14,28999996
01-jul-23 20:50:00;1,75999999;297,2799988;76,98000336;3,230000019;21,69000053;9,130000114;0;762,1300049;0,02;14,25
01-jul-23 20:55:00;1,5;307,0799866;76,37999725;3,630000114;21,71999931;9,130000114;0;762,2199707;0,01;14,25
01-jul-23 21:00:00;1,929999948;301,4200134;76,13999939;2,839999914;21,71999931;9,119999886;0;762,25;0;14,25
01-jul-23 21:05:00;1,389999986;295,019989;76,25;2,059999943;21,71999931;9,119999886;0;762,2999878;0;14,23999977
01-jul-23 21:10:00;1,049999952;303,519989;76,40000153;1,669999957;21,70999908;9,130000114;0;762,3699951;0,01;14,25
01-jul-23 21:15:00;0,829999983;163,5599976;76,33999634;1,669999957;21,71999931;9,130000114;0;762,3599854;0,02;14,26000023
01-jul-23 21:20:00;1,019999981;22,95999908;76,19999695;1,570000052;22,73999977;9,100000381;0;762,3699951;0,01;14,27999973
01-jul-23 21:25:00;1,110000014;264,6499939;76,19999695;1,669999957;24,14999962;9,130000114;0;762,3800049;0;14,28999996
01-jul-23 21:30:00;0,680000007;305,8399963;76,09999847;1,370000005;24,15999985;9,140000343;0;762,4299927;0;14,27000046
01-jul-23 21:35:00;0,790000021;308,1799927;76,06999969;1,570000052;24,13999939;11,51000023;0;762,5100098;0;14,27999973
01-jul-23 21:40:00;1,019999981;318,8599854;76,01000214;2,059999943;24,14999962;11,88000011;0;762,5499878;0;14,28999996
01-jul-23 21:45:00;1,299999952;267,230011;76,01000214;2,059999943;24,15999985;11,85999966;0;762,6400146;0;14,28999996
01-jul-23 21:50:00;1,120000005;80,25;75,98999786;1,669999957;24,14999962;11,84000015;0;762,7299805;0;14,30000019
01-jul-23 21:55:00;0,839999974;6,920000076;75,90000153;1,370000005;24,15999985;11,86999989;0;762,7299805;0;14,31999969
01-jul-23 22:00:00;0,600000024;347,3200073;75,97000122;0,980000019;24,14999962;11,85999966;0;762,7700195;0,01;14,32999992
01-jul-23 22:05:00;0,550000012;338,4400024;76,05000305;1,179999948;24,14999962;11,84000015;0;762,8099976;0,02;14,34000015
01-jul-23 22:10:00;0,699999988;336,5599976;76,20999908;1,179999948;24,13999939;11,85000038;0;762,8300171;0;14,35000038
01-jul-23 22:15:00;0,720000029;318,9400024;76,34999847;1,960000038;24,15999985;11,84000015;0;762,8400269;0;14,35000038
01-jul-23 22:20:00;2,130000114;296,9200134;76,72000122;3,819999933;23,77000046;11,84000015;0;762,8800049;0;14,35000038
01-jul-23 22:25:00;1,710000038;320,5799866;77,05000305;2,650000095;23,18000031;11,85000038;0;762,9199829;0;14,31999969
01-jul-23 22:30:00;1,149999976;331,7399902;76,80000305;1,960000038;23,17000008;11,85000038;0;762,9299927;0;14,26000023
01-jul-23 22:35:00;1,809999943;317,019989;76,55999756;3,230000019;23,17000008;11,85999966;0;762,9299927;0;14,26000023
01-jul-23 22:40:00;1,710000038;279,0499878;75,94000244;2,940000057;23,18000031;11,85999966;0;762,9500122;0;14,27000046
01-jul-23 22:45:00;0,560000002;205,5800018;75,43000031;0,980000019;23,18000031;11,85999966;0;762,960022;0;14,27999973
01-jul-23 22:50:00;0,910000026;320,8999939;75,27999878;1,570000052;23,17000008;11,86999989;0;762,9500122;0,01;14,31999969
01-jul-23 22:55:00;0,930000007;324,8200073;75,51000214;1,470000029;23,18000031;11,85000038;0;763;0,02;14,35000038
01-jul-23 23:00:00;1,139999986;268,3500061;75,47000122;2,549999952;23,17000008;11,85000038;0;763,0100098;0,01;14,32999992
01-jul-23 23:05:00;1,00999999;279,0799866;75,41999817;1,669999957;23,18000031;11,77000046;0;762,9799805;0;14,30000019
01-jul-23 23:10:00;0,75999999;16,54000092;75,37999725;1,370000005;23,19000053;11,77000046;0;762,960022;0;14,30000019
01-jul-23 23:15:00;1,159999967;20,59000015;75,41000366;2,349999905;23,19000053;11,77999973;0;762,960022;0;14,31999969
01-jul-23 23:20:00;1,110000014;19,57999992;75,48000336;1,960000038;22,20999908;11,77000046;0;762,9899902;0,02;14,31000042
01-jul-23 23:25:00;1,090000033;147,4299927;75,76999664;1,960000038;20,72999954;11,76000023;0;762,9899902;0,01;14,32999992
01-jul-23 23:30:00;1,120000005;338,8399963;76,22000122;1,860000014;20,72999954;11,75;0;762,9899902;0;14,34000015
01-jul-23 23:35:00;1,090000033;333,5;76,81999969;1,669999957;20,75;9,590000153;0;763;0;14,32999992
01-jul-23 23:40:00;0,930000007;331,3299866;77,16000366;1,370000005;20,73999977;9,260000229;0;763,0100098;0;14,31000042
02-jul-23 00:00:00;1,159999967;334,9400024;75,76999664;1,669999957;20,72999954;9,25;0;763,0800171;0;14,18000031
02-jul-23 00:05:00;1,49000001;299,2000122;75,31999969;2,839999914;20,73999977;9,25;0;763,1099854;0,01;14,21000004
02-jul-23 00:10:00;0,660000026;333,0799866;74,93000031;1,179999948;20,72999954;9,239999771;0;763,0900269;0,02;14,22000027
02-jul-23 00:15:00;0,540000021;333,8599854;74,75;0,879999995;20,73999977;9,270000458;0;763,0599976;0;14,22999954
02-jul-23 00:20:00;0,839999974;317,5;74,76999664;1,669999957;23,05999947;9,350000381;0;763,0999756;0;14,22999954
02-jul-23 00:25:00;1,370000005;303,480011;74,93000031;1,75999999;26,32999992;9,359999657;0;763,1199951;0;14,22999954
02-jul-23 00:30:00;1,379999995;299,8999939;75,11000061;1,75999999;26,36000061;9,359999657;0;763,1300049;0;14,22999954
02-jul-23 00:35:00;1,190000057;215,1300049;75,19000244;1,860000014;26,37000084;8,5;0;763,1400146;0;14,22000027
02-jul-23 00:40:00;0,75;282,5299988;74,66000366;1,269999981;26,37000084;8,369999886;0;763,1199951;0;14,15999985
02-jul-23 00:45:00;0,449999988;304,2000122;74,58000183;1,269999981;26,37000084;8,359999657;0;763,1400146;0;14,19999981
02-jul-23 00:50:00;0,920000017;263,1900024;74,56999969;1,75999999;26,37999916;8,369999886;0;763,1500244;0;14,19999981
02-jul-23 00:55:00;1,419999957;271,4200134;74,73000336;2,25;26,37999916;8,369999886;0;763,1099854;0;14,18999958
02-jul-23 01:00:00;0,829999983;316,4200134;75,01000214;1,570000052;26,37000084;8,350000381;0;763,0700073;0,02;14,18999958
02-jul-23 01:05:00;0,810000002;330,5;75,08999634;1,669999957;26,37999916;8,359999657;0;763,0700073;0,01;14,18999958
02-jul-23 01:10:00;1,159999967;268,6900024;75;1,75999999;26,37999916;8,359999657;0;763,0700073;0;14,14999962
02-jul-23 01:15:00;0,870000005;335,9200134;74,63999939;1,570000052;26,37999916;8,350000381;0;763,0499878;0;14,10999966
02-jul-23 01:20:00;1,370000005;296,519989;74,80999756;2,059999943;24,27000046;8,359999657;0;763,0599976;0;14,13000011
02-jul-23 01:25:00;1,039999962;307,2200012;74,65000153;1,669999957;21,21999931;8,369999886;0;763,0900269;0;14,14000034
02-jul-23 01:30:00;1,889999986;321,8599854;74,11000061;2,74000001;21,20999908;8,380000114;0;763,1099854;0;14,10999966
02-jul-23 01:35:00;1,309999943;285,5799866;73,62999725;2,549999952;21,21999931;13,93999958;0;763,1300049;0;14,09000015
02-jul-23 01:40:00;0,610000014;253,3600006;73,33999634;1,470000029;21,21999931;14,77999973;0;763,0999756;0;14,13000011
02-jul-23 01:45:00;1,080000043;342,1199951;73,30000305;2,349999905;21,21999931;14,77000046;0;763,1400146;0;14,14999962
02-jul-23 01:50:00;1,629999995;270,8599854;73,30999756;Calculation aborted;21,20999908;14,77999973;0;763,1199951;0,01;14,11999989
02-jul-23 01:55:00;1,340000033;79,41000366;73,58000183;2,25;21,21999931;14,77999973;0;763,0700073;0,02;14,10999966
02-jul-23 02:00:00;0,930000007;212,1100006;73,70999908;1,570000052;21,21999931;14,77000046;0;763,0200195;0,01;14,10999966
02-jul-23 02:05:00;0,860000014;148,4499969;73,43000031;1,570000052;21,21999931;14,76000023;0;763,0100098;0;14,06999969
02-jul-23 02:10:00;1,340000033;43,09000015;73,23999786;2,25;21,22999954;14,75;0;762,960022;0;14,09000015
02-jul-23 02:15:00;1,50999999;41,29999924;73,12000275;2,549999952;21,22999954;14,75;0;762,9199829;0;14,09000015
02-jul-23 02:20:00;0,980000019;150,0099945;73,06999969;1,669999957;18,63999939;14,73999977;0;762,9000244;0,02;14,10000038
02-jul-23 02:25:00;1,519999981;268,8399963;72,94999695;2,74000001;14,85999966;14,75;0;762,9199829;0,01;14,07999992
02-jul-23 02:30:00;1,279999971;80,19999695;73,09999847;1,75999999;14,85000038;14,76000023;0;762,8800049;0;14,05000019
02-jul-23 02:35:00;1,769999981;268,4200134;73,12000275;2,940000057;14,85999966;10,52000046;0;762,8800049;0;14,06000042
02-jul-23 02:40:00;1,090000033;147,6100006;73,30000305;2,349999905;14,86999989;9,859999657;0;762,8499756;0;14,05000019
02-jul-23 02:45:00;1,99000001;354,6600037;73,26000214;Calculation aborted;14,86999989;9,760000229;0;762,7999878;0;14,02999973
02-jul-23 02:50:00;1,720000029;92,02999878;73,34999847;2,839999914;14,86999989;9,75;0;762,7000122;0;14,02999973
02-jul-23 02:55:00;1,539999962;152,0500031;73,44999695;2,450000048;14,86999989;9,75;0;762,6900024;0;14,03999996
02-jul-23 03:00:00;1,50999999;271,0499878;73,48999786;2,349999905;14,86999989;9,739999771;0;762,7000122;0;14,03999996
02-jul-23 03:05:00;1,230000019;329,519989;73,38999939;2,059999943;14,86999989;9,75;0;762,7000122;0;14,02000046
02-jul-23 03:10:00;1,950000048;277,9299927;73,48000336;3,529999971;14,85000038;9,75;0;762,6599731;0,02;14,01000023
02-jul-23 03:15:00;1,710000038;214,3500061;73,69000244;3,329999924;14,88000011;9,739999771;0;762,6300049;0,01;14,01000023
02-jul-23 03:20:00;2,119999886;275,5499878;73,94999695;3,529999971;17,06999969;9,829999924;0;762,6900024;0;14,01000023
02-jul-23 03:25:00;1,620000005;335,1000061;74,08999634;3,039999962;20,25;9,909999847;0;762,7700195;0;14,01000023
02-jul-23 03:30:00;1,610000014;322,7399902;74,16000366;3,140000105;20,26000023;9,909999847;0;762,7800293;0;14,01000023
02-jul-23 03:35:00;1,340000033;336,5799866;74,36000061;2,25;20,25;7,559999943;0;762,8300171;0;14,01000023
02-jul-23 03:40:00;1,289999962;277,7799988;74,58999634;2,160000086;20,25;7,179999828;0;762,8599854;0;14,01000023
02-jul-23 03:45:00;0,560000002;270,6799927;74,66000366;1,269999981;20,26000023;7,099999905;0;762,8599854;0;14,01000023
02-jul-23 03:50:00;0,790000021;139,6600037;74,72000122;1,269999981;20,26000023;7,170000076;0;762,8800049;0;14
02-jul-23 03:55:00;1,139999986;329,4599915;74,75;2,450000048;20,26000023;7,170000076;0;762,8900146;0;13,97999954
02-jul-23 04:00:00;1,289999962;341,2399902;74,65000153;2,25;20,26000023;7,159999847;0;762,9099731;0,01;13,94999981
02-jul-23 04:05:00;0,99000001;335,7399902;74,58999634;1,570000052;20,23999977;7,150000095;0;762,9000244;0,02;13,93999958
02-jul-23 04:10:00;0,680000007;334;74,52999878;1,370000005;20,26000023;7,170000076;0;762,9299927;0,01;13,93000031
02-jul-23 04:15:00;0,980000019;151,7799988;74,56999969;1,860000014;20,27000046;7,170000076;0;762,9799805;0;13,93000031
02-jul-23 04:20:00;1,179999948;53,40999985;74,58999634;1,75999999;21,06999969;7,179999828;0;762,9699707;0;13,94999981
02-jul-23 04:25:00;1,129999995;224,3000031;74,45999908;2,160000086;22,20999908;7,179999828;0;762,9799805;0;13,94999981
02-jul-23 04:30:00;0,289999992;123,3300018;74,29000092;Calculation aborted;22,21999931;7,190000057;0;762,9699707;0;13,93000031
02-jul-23 04:35:00;0,5;240,0500031;74,22000122;1,570000052;22,20999908;9,970000267;0;762,960022;0;13,93999958
02-jul-23 04:40:00;1,059999943;323,8599854;74,13999939;1,669999957;22,20000076;10,39999962;0;762,9299927;0;13,92000008
02-jul-23 04:45:00;0,970000029;324,1600037;74,09999847;1,860000014;22,20999908;10,38000011;0;762,8900146;0;13,89000034
02-jul-23 04:50:00;0,829999983;311,8999939;74,06999969;1,269999981;22,20999908;10,36999989;0;762,8900146;0;13,85999966
02-jul-23 04:55:00;1,360000014;318,2600098;74,05999756;2,450000048;22,20000076;10,38000011;0;762,8300171;0,01;13,85000038
02-jul-23 05:00:00;1,159999967;335,7200012;74,08999634;1,75999999;22,20999908;10,38000011;0;762,7600098;0,01;13,84000015
02-jul-23 05:05:00;1,919999957;331,3999939;74,05999756;2,839999914;22,21999931;10,36999989;0;762,7199707;0;13,81999969
02-jul-23 05:10:00;1,600000024;342,8399963;74,05000305;2,839999914;22,20999908;10,35000038;0;762,7199707;0;13,81000042
02-jul-23 05:15:00;1,399999976;325,4599915;73,91000366;2,160000086;22,21999931;10,35000038;0;762,7399902;0;13,77999973
02-jul-23 05:20:00;1,559999943;209,4700012;73,80999756;2,940000057;23,62000084;10,35000038;0;762,7299805;0;13,77999973
02-jul-23 05:25:00;1,539999962;336,8999939;73,52999878;2,74000001;25,62999916;10,35999966;0;762,7299805;0;13,77000046
02-jul-23 05:30:00;1,169999957;335,2600098;73,22000122;2,25;25,62999916;10,38000011;0;762,6799927;0;13,77000046
02-jul-23 05:35:00;0,349999994;85,58000183;73,13999939;0,779999971;25,63999939;9,079999924;0;762,6199951;0;13,77000046
02-jul-23 05:40:00;0,300000012;78,15000153;73,12999725;0,779999971;25,62999916;8,880000114;0;762,6199951;0;13,77000046
02-jul-23 05:45:00;0,870000005;215,1499939;73,12000275;1,370000005;25,62999916;8,859999657;0;762,6799927;0;13,77000046
02-jul-23 05:50:00;0,5;344,9400024;73,16000366;1,080000043;25,63999939;8,859999657;0;762,7000122;0;13,77000046
02-jul-23 05:55:00;0,930000007;215,7100067;73,26000214;2,059999943;25,62000084;8,859999657;0;762,6799927;0,02;13,75
02-jul-23 06:00:00;1,070000052;280,7200012;73,38999939;2,059999943;25,62000084;8,850000381;0;762,6900024;0,01;13,75
02-jul-23 06:05:00;1,059999943;341,6000061;73,45999908;1,75999999;25,62999916;8,850000381;0;762,7399902;0;13,77999973
02-jul-23 06:10:00;1,299999952;327,1600037;73,72000122;2,160000086;25,62999916;8,840000153;0;762,7999878;0;13,81000042
02-jul-23 06:15:00;0,980000019;271,9100037;73,87000275;2,059999943;25,62999916;8,850000381;0;762,8300171;0;13,81000042
02-jul-23 06:20:00;0,769999981;346,9200134;74,02999878;1,860000014;23,36000061;8,819999695;0;762,7999878;0;13,81000042
02-jul-23 06:25:00;1,00999999;331,3800049;74,09999847;2,549999952;20;8,779999733;0;762,7600098;0;13,80000019
02-jul-23 06:30:00;1,039999962;334,480011;73,86000061;2,160000086;20,01000023;8,789999962;0;762,7700195;0;13,77000046
02-jul-23 06:35:00;0,970000029;285,0599976;73,58999634;2,549999952;20,01000023;7,949999809;0;762,8400269;0;13,77000046
02-jul-23 06:40:00;2,349999905;275,980011;73,44000244;3,329999924;20,01000023;7,820000172;0;762,8099976;0;13,75
02-jul-23 06:45:00;0,850000024;82,44000244;73,12000275;2,059999943;20;7,880000114;0;762,7700195;0;13,73999977
02-jul-23 06:50:00;0,629999995;281,1900024;73,06999969;1,470000029;20;7,889999866;0;762,7700195;0,01;13,77000046
02-jul-23 06:55:00;0;0;72,94000244;0;20;7,889999866;0;762,9099731;0,02;13,80000019
02-jul-23 07:00:00;0,01;49,90000153;72,93000031;0,389999986;20;7,880000114;0;763,0100098;0,01;13,81000042
02-jul-23 07:05:00;0,620000005;267,8999939;73;1,470000029;20;7,889999866;0;763,0499878;0;13,81000042
02-jul-23 07:10:00;1,24000001;225,5800018;73,05000305;2,160000086;20,01000023;7,880000114;0;763,0999756;0;13,81000042
02-jul-23 07:15:00;0,370000005;259,2399902;73,06999969;0,689999998;20,01000023;7,880000114;0;763,2199707;0,01;13,81000042
02-jul-23 07:20:00;0,639999986;296,019989;73,22000122;1,470000029;17,72999954;7,889999866;0;763,2000122;0,039999999;13,82999992
02-jul-23 07:25:00;0,920000017;311,3399963;73,5;1,470000029;14,38000011;7,889999866;0;763,1799927;0,07;13,81999969
02-jul-23 07:30:00;0,829999983;288,2799988;73,62999725;1,470000029;14,35999966;7,920000076;0;763,3099976;0,230000004;13,80000019
02-jul-23 07:35:00;1,389999986;286,6400146;73,66999817;2,74000001;14,38000011;11,60000038;0;763,3699951;0,439999998;13,77999973
02-jul-23 07:40:00;1,809999943;267,480011;72,80000305;3,230000019;14,39000034;12,15999985;0;763,5;0,529999971;13,77000046
02-jul-23 07:45:00;0,469999999;261,3599854;72,22000122;1,179999948;14,38000011;12,10000038;0;763,5700073;0,540000021;13,77000046
02-jul-23 07:50:00;0,550000012;265;72,56999969;1,370000005;14,38000011;12,10000038;0;763,5900269;0,75999999;13,81000042
02-jul-23 07:55:00;0,379999995;277,5799866;72,84999847;1,269999981;14,38000011;12,10000038;0;763,6699829;1,279999971;13,82999992
02-jul-23 08:00:00;0,649999976;307,5599976;73,16000366;1,179999948;14,38000011;12,10000038;0;763,6900024;2,380000114;13,82999992
02-jul-23 08:05:00;0,419999987;258,8399963;73,01000214;1,080000043;14,38000011;12,10000038;0;763,7600098;2,99000001;13,81000042
02-jul-23 08:10:00;0,370000005;252,8399963;72,81999969;1,470000029;14,35999966;12,09000015;0;763,8200073;3,49000001;13,81000042
02-jul-23 08:15:00;1,059999943;289,1199951;72,70999908;1,669999957;14,38000011;12,09000015;0;763,8400269;3,710000038;13,82999992
02-jul-23 08:20:00;1,120000005;280,4599915;72,12999725;1,75999999;15,09000015;12,09000015;0;763,7999878;4,760000229;13,81000042
02-jul-23 08:25:00;0,560000002;307,4400024;71,43000031;1,269999981;16,09000015;12,10999966;0;763,789978;5,090000153;13,78999996
02-jul-23 08:30:00;0,529999971;5,829999924;71,30000305;1,080000043;16,10000038;12,10999966;0;763,8400269;6,159999847;13,81000042
02-jul-23 08:35:00;0;0;71,16999817;0;16,10000038;10,61999989;0;763,9000244;8,029999733;13,81999969
02-jul-23 08:40:00;0;0;71,12999725;0;16,10000038;10,38000011;0;763,9699707;9,140000343;13,84000015
02-jul-23 08:45:00;0;10,67000008;71,08999634;0,289999992;16,10000038;10,35999966;0;763,9799805;9,649999619;13,85000038
02-jul-23 08:50:00;0,810000002;37,34000015;71,01000214;1,269999981;16,09000015;10,27000046;0;763,8900146;10,94999981;13,85000038
02-jul-23 08:55:00;1,019999981;79,19000244;70,79000092;1,470000029;16,09000015;10,25;0;763,8599854;12,72000027;13,85000038
02-jul-23 09:00:00;1,120000005;80,43000031;70,58999634;1,960000038;16,09000015;10,25;0;763,7299805;14,88000011;13,89000034
02-jul-23 09:05:00;1,340000033;76,63999939;70,40000153;1,960000038;16,09000015;10,26000023;0;763,6699829;17,43000031;13,90999985
02-jul-23 09:10:00;1,059999943;73,56999969;70,23000336;1,860000014;16,09000015;10,26000023;0;763,6400146;20,05999947;13,93000031
02-jul-23 09:15:00;0,99000001;51,27000046;70,06999969;1,669999957;16,09000015;10,25;0;763,6400146;20,48999977;13,97000027
02-jul-23 09:20:00;1,179999948;73,75;70,08000183;1,960000038;17,59000015;10,27000046;0;763,5599976;22,29999924;14
02-jul-23 09:25:00;1,299999952;65,45999908;70,26999664;1,960000038;19,76000023;10,27999973;0;763,539978;24,25;14,02999973
02-jul-23 09:30:00;1,5;61,50999832;70,51000214;2,549999952;19,76000023;10,27000046;0;763,5200195;24,87000084;14,02999973
02-jul-23 09:35:00;1,179999948;56,31000137;70,69000244;2,25;19,76000023;7,900000095;0;763,4899902;27,64999962;14,06000042
02-jul-23 09:40:00;0,930000007;42,91999817;70,72000122;1,669999957;19,75;7,53000021;0;763,539978;28,02000046;14,10999966
02-jul-23 09:45:00;0,949999988;31,78000069;70,91999817;2,549999952;19,77000046;7,53000021;0;763,5599976;28,34000015;14,14000034
02-jul-23 09:50:00;0,670000017;83,05000305;71,45999908;2,25;19,77000046;7,53000021;0;763,6099854;30,77000046;14,13000011
02-jul-23 09:55:00;0,870000005;80,79000092;71,62999725;1,669999957;19,77000046;7,539999962;0;763,6400146;32,06000137;14,14000034
02-jul-23 10:00:00;0,589999974;90,01999664;71,81999969;0,879999995;19,76000023;7,539999962;0;763,6400146;32,63999939;14,14999962
02-jul-23 10:05:00;0,219999999;124,9800034;71,66000366;0,980000019;19,76000023;7,53000021;0;763,6699829;35,04999924;14,19999981
02-jul-23 10:10:00;0,889999986;313,980011;71,22000122;1,669999957;19,77000046;7,53000021;0;763,6900024;37,95000076;14,21000004
02-jul-23 10:15:00;0,889999986;23,36000061;71,34999847;1,470000029;19,77000046;7,53000021;0;763,6599731;45,31000137;14,19999981
02-jul-23 10:20:00;0,449999988;27,47999954;71,56999969;1,470000029;20,77000046;7,53000021;0;763,7199707;50,47000122;14,14999962
02-jul-23 10:25:00;0,389999986;161,75;71,31999969;1,269999981;22,20000076;7,539999962;0;763,7800293;53,04000092;14,23999977
02-jul-23 10:30:00;0,209999993;134;70,97000122;1,179999948;22,20000076;7,559999943;0;763,7800293;59,59000015;14,30000019
02-jul-23 10:35:00;0,779999971;294,7799988;70,61000061;1,370000005;22,20999908;11,22000027;0;763,7800293;64,38999939;14,36999989
02-jul-23 10:40:00;0,409999996;210,2799988;70,48999786;0,879999995;22,20000076;11,77999973;0;763,75;66,27999878;14,38000011
02-jul-23 10:45:00;0,660000026;245,5399933;70,59999847;1,669999957;22,20000076;11,80000019;0;763,7299805;66,58000183;14,43000031
02-jul-23 10:50:00;0,959999979;234,5800018;70,72000122;1,860000014;22,20999908;11,77999973;0;763,7399902;65,47000122;14,43999958
02-jul-23 10:55:00;0,699999988;235,3600006;70,62999725;2,059999943;22,19000053;11,77000046;0;763,7999878;62,90999985;14,44999981
02-jul-23 11:00:00;1,5;246,1600037;70,72000122;2,450000048;22,19000053;11,77000046;0;763,8300171;65,25;14,46000004
02-jul-23 11:05:00;1,090000033;231,5399933;70,59999847;1,860000014;22,20000076;11,77000046;0;763,8099976;70,02999878;14,36999989
02-jul-23 11:10:00;0,800000012;235,6000061;70,83000183;1,570000052;22,19000053;11,76000023;0;763,7700195;76,08999634;14,25
02-jul-23 11:15:00;1,169999957;287;70,68000031;1,75999999;22,20000076;11,76000023;0;763,7399902;83,83999634;14,32999992
02-jul-23 11:20:00;1,100000024;289,6400146;70,56999969;1,669999957;19,23999977;11,75;0;763,710022;95,77999878;14,26000023
02-jul-23 11:25:00;1,419999957;292,6000061;70,25;2,160000086;14,85999966;11,76000023;0;763,7299805;103,9000015;14,26000023
02-jul-23 11:30:00;1,169999957;286,5799866;69,97000122;1,669999957;14,84000015;11,77000046;0;763,6900024;111,6399994;14,25
02-jul-23 11:35:00;1,019999981;255;69,97000122;2,549999952;14,85000038;10,25;0;763,6699829;120,4199982;14,43999958
02-jul-23 11:40:00;0,980000019;259,0799866;69,48000336;1,960000038;14,85999966;10,02999973;0;763,6400146;121,5;14,64999962
02-jul-23 11:45:00;1,149999976;276,4599915;68,73999786;2,059999943;14,85999966;10,02000046;0;763,6400146;121,8199997;14,85999966
02-jul-23 11:50:00;1,049999952;263,2600098;68,38999939;2,160000086;14,85999966;10,02000046;0;763,5700073;132,6999969;14,85000038
02-jul-23 11:55:00;0,910000026;279,1199951;68,11000061;2,059999943;14,84000015;10,01000023;0;763,460022;164,3800049;14,96000004
02-jul-23 12:00:00;1,149999976;274,1799927;67,55000305;2,349999905;14,85999966;10;0;763,4400024;182,8600006;15,09000015
02-jul-23 12:05:00;1,519999981;273,3599854;67,16999817;2,940000057;14,85999966;10;0;763,3099976;222,0200043;15,13000011
02-jul-23 12:10:00;1,269999981;271,7799988;67,44999695;2,940000057;14,84000015;10,01000023;0;763,2700195;230,1000061;15,10999966
02-jul-23 12:15:00;1,5;273,6400146;67,26999664;3,430000067;14,85999966;10;0;763,2199707;234,8399963;15,14000034
02-jul-23 12:20:00;2,119999886;275,0599976;66,26999664;4,210000038;15,67000008;10;0;763,1599731;228,6199951;15,19999981
02-jul-23 12:25:00;1,730000019;275,2000122;66,16999817;3,529999971;16,82999992;10,01000023;0;763,0999756;357,2200012;15,25
02-jul-23 12:30:00;1,99000001;271,7000122;65,02999878;3,430000067;16,82999992;10,02000046;0;763,0700073;315,2600098;15,56999969
02-jul-23 12:35:00;1,429999948;271,1400146;65,04000092;3,039999962;16,84000015;7,03000021;0;763,0700073;302,3599854;15,60000038
02-jul-23 12:40:00;2,019999981;273,5;64,86000061;3,630000114;16,84000015;6,570000172;0;763,0100098;396,0400085;15,64000034
02-jul-23 12:45:00;2,049999952;281;64,27999878;3,529999971;16,84000015;6,650000095;0;763;411,4400024;15,67000008
02-jul-23 12:50:00;2,380000114;274,4599915;64,94000244;3,920000076;16,82999992;6,659999847;0;762,9899902;406,3800049;15,46000004
02-jul-23 12:55:00;2,140000105;274,3999939;64,31999969;4,019999981;16,85000038;6,650000095;0;762,9199829;403,2999878;15,64999962
02-jul-23 13:00:00;2,109999895;277,480011;64,62000275;3,819999933;16,84000015;6,659999847;0;762,8699951;395,3800049;15,51000023
02-jul-23 13:05:00;2,180000067;278,019989;64,87000275;4,119999886;16,84000015;6,659999847;0;762,8699951;390,3999939;15,43999958
02-jul-23 13:10:00;2,049999952;271,9400024;65,30000305;4,019999981;16,85000038;6,670000076;0;762,7399902;399,3200073;15,48999977
02-jul-23 13:15:00;2,25;275,2200012;65,44000244;3,720000029;16,84000015;6,670000076;0;762,6799927;401,5;15,53999996
02-jul-23 13:20:00;2,349999905;279,0599976;65,29000092;3,920000076;15,36999989;6,679999828;0;762,6799927;385,4599915;15,48999977
02-jul-23 13:25:00;2,210000038;280,0599976;65,76000214;4,019999981;13,18000031;6,690000057;0;762,7000122;376,8599854;15,44999981
02-jul-23 13:30:00;2,089999914;272,7600098;66,04000092;4,210000038;13,18000031;6,690000057;0;762,6799927;359,5400085;15,5
02-jul-23 13:35:00;1,769999981;274,1400146;65,04000092;5,099999905;13,18999958;4,150000095;0;762,6300049;379,5400085;15,69999981
02-jul-23 13:40:00;2,670000076;277,3800049;64,55999756;4,800000191;13,18000031;3,75;0;762,6500244;374,3599854;15,60000038
02-jul-23 13:45:00;2,359999895;274,4400024;65,93000031;4,699999809;13,18000031;3,730000019;0;762,6400146;354,019989;15,36999989
02-jul-23 13:50:00;2,279999971;276,0400085;65,58999634;4,119999886;13,18000031;3,74000001;0;762,6099854;281,2200012;15,51000023
02-jul-23 13:55:00;2,359999895;277,2999878;65,51000214;4,900000095;13,18999958;3,74000001;0;762,5800171;320,6199951;15,52999973
02-jul-23 14:00:00;2,589999914;278,0599976;65,51000214;4,900000095;13,18000031;3,730000019;0;762,5599976;360,6000061;15,44999981
02-jul-23 14:05:00;2,269999981;276,5799866;65,15000153;4,610000134;13,18000031;3,730000019;0;762,5;348,9599915;15,46000004
02-jul-23 14:10:00;2,390000105;277,9200134;65,06999969;5,389999866;13,18000031;3,730000019;0;762,460022;354,7399902;15,42000008
02-jul-23 14:15:00;2,720000029;278,5799866;64,62000275;4,900000095;13,18999958;3,720000029;0;762,4400024;332,8999939;15,44999981
02-jul-23 14:20:00;2,720000029;279,2399902;66,16000366;5,289999962;14,78999996;3,720000029;0;762,4699707;333,0599976;15,22000027
02-jul-23 14:25:00;2,109999895;278,7200012;66,18000031;4,699999809;17,09000015;3,74000001;0;762,460022;332,0799866;15,39000034
02-jul-23 14:30:00;2,019999981;263,4599915;65,76999664;3,920000076;17,09000015;3,74000001;0;762,4400024;335,4200134;15,51000023
02-jul-23 14:35:00;3,049999952;258,5599976;64,41000366;5,590000153;17,09000015;5,650000095;0;762,4199829;308,7600098;15,72999954
02-jul-23 14:40:00;2,980000019;261,1199951;64,55000305;6,170000076;17,09000015;5,940000057;0;762,4199829;310,2999878;15,61999989
02-jul-23 14:45:00;2,319999933;261,6199951;65,13999939;6,269999981;17,10000038;5,920000076;0;762,4099731;319,7999878;15,56999969
02-jul-23 14:50:00;2,890000105;261,1799927;65,16999817;6,170000076;17,09000015;5,920000076;0;762,4000244;308,0599976;15,60999966
02-jul-23 14:55:00;2,75999999;257,480011;65,40000153;5,489999771;17,09000015;5,929999828;0;762,4500122;301,8599854;15,60999966
02-jul-23 15:00:00;2,819999933;258,2600098;64,52999878;6,659999847;17,09000015;5,940000057;0;762,4500122;293,1600037;15,61999989
02-jul-23 15:05:00;2,460000038;266,6799927;64,12000275;5,099999905;17,07999992;5,929999828;0;762,4400024;290,1000061;15,68000031
02-jul-23 15:10:00;2,220000029;272,8599854;63,95999908;4,800000191;17,07999992;5,940000057;0;762,4099731;288,7999878;15,94999981
02-jul-23 15:15:00;1,840000033;270,2600098;63,77999878;4,510000229;17,10000038;5,929999828;0;762,3900146;275,8999939;16,02000046
02-jul-23 15:20:00;1,730000019;269,0599976;63,34999847;4,119999886;18,68000031;5,920000076;0;762,3900146;267,9599915;16,10000038
02-jul-23 15:25:00;2,180000067;261,019989;63,49000168;5,190000057;20,96999931;5,940000057;0;762,4299927;258,3800049;16,17000008
02-jul-23 15:30:00;2,220000029;262,519989;64,58999634;4,800000191;20,98999977;5,960000038;0;762,3900146;252,7799988;15,89999962
02-jul-23 15:35:00;1,700000048;278,1400146;64,70999908;4,210000038;20,97999954;6,179999828;0;762,4099731;240,0200043;15,84000015
02-jul-23 15:40:00;2,190000057;274,2399902;64,63999939;4,800000191;20,97999954;6,210000038;0;762,4000244;233,5800018;15,76000023
02-jul-23 15:45:00;1,889999986;275,480011;65,72000122;4,900000095;20,98999977;6,199999809;0;762,3499756;226;15,51000023
02-jul-23 15:50:00;1,820000052;274,1400146;65,93000031;4,019999981;20,97999954;6,199999809;0;762,3499756;216,3000031;15,5
02-jul-23 15:55:00;1,789999962;265,7200012;65,51000214;4,409999847;20,98999977;6,199999809;0;762,4000244;201,1000061;15,56999969
02-jul-23 16:00:00;2,210000038;266,7000122;65,66000366;5,289999962;20,98999977;6,210000038;0;762,3200073;196,1600037;15,57999992
02-jul-23 16:05:00;2,349999905;260,3999939;65,26999664;5,289999962;20,98999977;6,199999809;0;762,2999878;188;15,61999989
02-jul-23 16:10:00;2,50999999;258,3800049;64,26000214;5,489999771;20,97999954;6,190000057;0;762,2999878;183,6999969;15,73999977
02-jul-23 16:15:00;1,429999948;243,4799957;63,74000168;5,289999962;20,98999977;6,199999809;0;762,289978;171,3399963;15,86999989
02-jul-23 16:20:00;2,049999952;260,6199951;63,22000122;4,409999847;20,89999962;6,190000057;0;762,2600098;160,0399933;15,97999954
02-jul-23 16:25:00;2,5;260,1400146;63,52000046;6,170000076;20,73999977;6,210000038;0;762,3099976;158,4400024;16,01000023
02-jul-23 16:30:00;1,870000005;263,6400146;63,41999817;4,409999847;20,75;6,210000038;0;762,3200073;146,5;15,89999962
02-jul-23 16:35:00;2,75999999;253,5599976;64;6,369999886;20,76000023;8,979999542;0;762,2600098;135,7799988;15,76000023
02-jul-23 16:40:00;2,289999962;259,2000122;64,72000122;5,489999771;20,75;9,399999619;0;762,2800293;127,2600021;15,64999962
02-jul-23 16:45:00;1,99000001;258,1199951;64,56999969;4,800000191;20,73999977;9,380000114;0;762,289978;114,0800018;15,68999958
02-jul-23 16:50:00;2,039999962;254,1199951;64,69999695;4,210000038;20,75;9,380000114;0;762,2700195;110,0999985;15,69999981
02-jul-23 16:55:00;2,400000095;255,7400055;64,69000244;5,489999771;20,72999954;9,380000114;0;762,3200073;102;15,60000038
02-jul-23 17:00:00;1,919999957;266,1400146;64,75;4,610000134;20,73999977;9,380000114;0;762,3800049;95,5;15,60999966
02-jul-23 17:05:00;2,119999886;259,7399902;65,43000031;5,289999962;20,73999977;9,369999886;0;762,3499756;87,05999756;15,59000015
02-jul-23 17:10:00;2,230000019;248,1399994;65,55000305;5,489999771;20,73999977;9,380000114;0;762,25;75,98000336;15,43000031
02-jul-23 17:15:00;2,049999952;244,0399933;65,37999725;4,210000038;20,73999977;9,369999886;0;762,3300171;69,33000183;15,23999977
02-jul-23 17:20:00;2,190000057;237,4799957;66;4,610000134;19,37999916;9,369999886;0;762,2399902;60,43999863;15,14000034
02-jul-23 17:25:00;2,369999886;241,1399994;66,13999939;4,309999943;17,32999992;9,369999886;0;762,3300171;51,59999847;15,05000019
02-jul-23 17:30:00;2,430000067;230,2200012;66,41000366;5;17,32999992;9,380000114;0;762,4000244;43,77000046;14,93999958
02-jul-23 17:35:00;2,50999999;234,8999939;67,19999695;4,610000134;17,34000015;7,449999809;0;762,4400024;28,80999947;14,85999966
02-jul-23 17:40:00;2,730000019;226,5599976;67,51000214;5,190000057;17,32999992;7,159999847;0;762,4199829;17,02000046;14,69999981
02-jul-23 17:45:00;2,410000086;235,0800018;67,61000061;4,699999809;17,31999969;7,139999866;0;762,460022;13,59000015;14,60999966
02-jul-23 17:50:00;1,960000038;240,8200073;68,26999664;4,019999981;17,32999992;7,139999866;0;762,5200195;10,35999966;14,56000042
02-jul-23 17:55:00;1,809999943;229,1799927;69,06999969;4,610000134;17,31999969;7,130000114;0;762,5;6,769999981;14,47000027
02-jul-23 18:00:00;1,870000005;236,0399933;69,48000336;4,510000229;17,32999992;7,139999866;0;762,5800171;4,289999962;14,36999989
02-jul-23 18:05:00;2,069999933;218,9199982;70,12999725;4,019999981;17,32999992;7,159999847;0;762,5499878;3,50999999;14,34000015
02-jul-23 18:10:00;1,720000029;219,2799988;70,01999664;2,940000057;17,32999992;7,159999847;0;762,5499878;2,559999943;14,35999966
02-jul-23 18:15:00;1,470000029;197,8200073;69,79000092;3,039999962;17,31999969;7,150000095;0;762,5999756;1,679999948;14,35999966
02-jul-23 18:20:00;1,629999995;209,8800049;70,19999695;4,409999847;17,62999916;7,110000134;0;762,6400146;0,600000024;14,35000038
02-jul-23 18:25:00;1,679999948;206,9799957;70,93000031;4,019999981;18,04999924;7,059999943;0;762,6799927;0,150000006;14,32999992
02-jul-23 18:30:00;1,389999986;206,4400024;71,33999634;4,210000038;18,04000092;7,070000172;0;762,6699829;0,039999999;14,27999973
02-jul-23 18:35:00;1,669999957;213,7200012;71,33000183;3,529999971;18,04000092;5,579999924;0;762,6699829;0,01;14,25
02-jul-23 18:40:00;2,210000038;198,9600067;71,65000153;4,210000038;18,03000069;5,369999886;0;762,6300049;0,01;14,22000027
02-jul-23 18:45:00;2,619999886;208,3000031;72,09999847;5,679999828;18,05999947;5,440000057;0;762,6099854;0;14,17000008
02-jul-23 18:50:00;2,099999905;210,8800049;72,19999695;4,510000229;18,05999947;5,440000057;0;762,6300049;0;14,14999962
02-jul-23 18:55:00;1,639999986;215,7200012;72,38999939;3,430000067;18,06999969;5,440000057;0;762,6400146;0,01;14,11999989
02-jul-23 19:00:00;2,180000067;195,2400055;72,51000214;4,019999981;18,04999924;5,420000076;0;762,6500244;0,02;14,10999966
02-jul-23 19:05:00;2,910000086;192,6600037;72,77999878;4,510000229;18,06999969;5,429999828;0;762,6400146;0,01;14,10999966
02-jul-23 19:10:00;2,25999999;197,2799988;73;4,019999981;18,06999969;5,420000076;0;762,7199707;0;14,13000011
02-jul-23 19:15:00;1,919999957;187,3999939;72,77999878;4,019999981;18,07999992;5,409999847;0;762,7299805;0;14,10000038
02-jul-23 19:20:00;1,620000005;171,6000061;71,90000153;3,039999962;19,77000046;5,409999847;0;762,7199707;0;14,02999973
02-jul-23 19:25:00;0,790000021;162,8200073;71,13999939;1,669999957;22,20000076;5,420000076;0;762,7299805;0;13,92000008
02-jul-23 19:30:00;0,980000019;139,8999939;70,91999817;2,349999905;22,19000053;5,429999828;0;762,7199707;0;13,80000019
02-jul-23 19:35:00;0,75;130,7599945;71,80000305;2,940000057;22,20000076;8,220000267;0;762,7800293;0;13,60000038
02-jul-23 19:40:00;0,529999971;164,8800049;72,76000214;1,470000029;22,20000076;8,630000114;0;762,7999878;0;13,51000023
02-jul-23 19:45:00;0,790000021;101,8399963;73,33000183;1,269999981;22,20000076;8,609999657;0;762,7700195;0;13,47000027
02-jul-23 19:50:00;0,300000012;63,36000061;74,02999878;0,980000019;22,19000053;8,609999657;0;762,8099976;0;13,31999969
02-jul-23 19:55:00;0,219999999;54,77999878;74,62000275;0,879999995;22,20000076;8,539999962;0;762,8300171;0;13,15999985
02-jul-23 20:00:00;0,039999999;78,19999695;75;0,49000001;22,19000053;8,550000191;0;762,8499756;0;13
02-jul-23 20:05:00;0;0;75,97000122;0;22,19000053;8,550000191;0;762,9000244;0,01;12,93000031
02-jul-23 20:10:00;0,02;14,31000042;76,08999634;0,389999986;22,18000031;8,550000191;0;762,8699951;0,02;12,89999962
02-jul-23 20:15:00;0,569999993;92,51999664;76,25;0,980000019;22,20999908;8,529999733;0;762,8599854;0,01;12,61999989
02-jul-23 20:20:00;0,970000029;103,7600021;77,36000061;1,269999981;34,84000015;8,5;0;762,8800049;0;12,46000004
02-jul-23 20:25:00;0,959999979;92,11000061;78;1,370000005;53,25999832;8,539999962;0;762,8400269;0;12,43000031
02-jul-23 20:30:00;1,279999971;79,33000183;78,58000183;1,860000014;53,25999832;8,529999733;0;762,7800293;0;12,32999992
02-jul-23 20:35:00;1,230000019;78,70999908;79,37999725;2,059999943;53,25;30,63999939;0;762,8200073;0;12,39000034
02-jul-23 20:40:00;1,110000014;73,43000031;79,27999878;1,860000014;53,25;33,93999863;0;762,8699951;0;12,47999954
02-jul-23 20:45:00;1,539999962;61,56000137;79,47000122;2,059999943;53,25999832;34,02999878;0;762,8800049;0;12,47999954
02-jul-23 20:50:00;1,429999948;66,58000183;79,20999908;2,059999943;53,25;34,06999969;0;762,8499756;0;12,5
02-jul-23 20:55:00;1,320000052;83,86000061;79,27999878;2,349999905;53,24000168;34,06999969;0;762,8400269;0;12,39999962
02-jul-23 21:00:00;1,059999943;80,93000031;79,56999969;1,860000014;53,25999832;34,06999969;0;762,8400269;0;12,27999973
02-jul-23 21:05:00;1,399999976;85,87999725;79,86000061;2,940000057;53,25;34,06000137;0;762,8300171;0;12,22999954
02-jul-23 21:10:00;1,830000043;78,05999756;80,22000122;2,650000095;53,22999954;34,04000092;0;762,789978;0;12,22999954
02-jul-23 21:15:00;2,019999981;72,84999847;79,86000061;3,230000019;53,25999832;34,04999924;0;762,8400269;0;12,31000042
02-jul-23 21:20:00;1,980000019;80,45999908;79,69000244;2,839999914;125,3399963;34,04000092;0;762,789978;0;12,28999996
02-jul-23 21:25:00;2,029999971;75,43000031;79,66999817;3,329999924;230,4600067;34,04999924;0;762,7700195;0;12,22999954
02-jul-23 21:30:00;1,980000019;80,19999695;79,79000092;3,230000019;230,4600067;34,06999969;0;762,7199707;0;12,18000031
02-jul-23 21:35:00;1,700000048;81,06999969;79,73999786;3,039999962;230,4600067;163,0399933;0;762,710022;0;12,18000031
02-jul-23 21:40:00;2;77,30000305;79,63999939;2,940000057;230,4799957;182,3000031;0;762,6699829;0;12,14999962
02-jul-23 21:45:00;1,850000024;78,08999634;79,68000031;3,039999962;230,5;182,3000031;0;762,5999756;0;12,10000038
02-jul-23 21:50:00;1,99000001;81,73999786;79,73999786;3,230000019;230,5;182,3000031;0;762,6099854;0;12,03999996
02-jul-23 21:55:00;1,919999957;85,08000183;79,88999939;2,74000001;230,5;182,3000031;0;762,5800171;0;11,97000027
02-jul-23 22:00:00;1,960000038;82,23999786;80,13999939;2,650000095;230,5;182,3000031;0;762,5499878;0;11,90999985
02-jul-23 22:05:00;1,669999957;77,45999908;80,26000214;2,549999952;230,5;182,3000031;0;762,5800171;0;11,89000034
02-jul-23 22:10:00;1,230000019;84,90000153;80,23999786;1,75999999;230,5;182,3000031;0;762,5499878;0;11,84000015
02-jul-23 22:15:00;1,450000048;85,33999634;80,44000244;2,059999943;230,5;182,3000031;0;762,4500122;0;11,71000004
02-jul-23 22:20:00;1,360000014;89,18000031;80,66000366;1,860000014;160,6999969;182,3000031;0;762,4299927;0;11,61999989
02-jul-23 22:25:00;0,860000014;89,63999939;80,91999817;1,570000052;58,81999969;182,3000031;0;762,4299927;0;11,52999973
02-jul-23 22:30:00;0,25999999;107,9599991;80,94000244;0,779999971;58,81000137;182,3000031;0;762,4899902;0,01;11,44999981
02-jul-23 22:35:00;0,540000021;135,4600067;81,19999695;0,779999971;58,81999969;38,86000061;0;762,4500122;0;11,31999969
02-jul-23 22:40:00;0,180000007;80,87999725;81,31999969;0,689999998;58,81000137;17,42000008;0;762,4699707;0;11,14999962
02-jul-23 22:45:00;0,670000017;97,40000153;81,48000336;0,980000019;58,81000137;17,22999954;0;762,4299927;0;10,96000004
02-jul-23 22:50:00;0,159999996;96,37000275;81,86000061;0,689999998;58,81999969;17,20999908;0;762,4899902;0;10,77999973
02-jul-23 22:55:00;0,230000004;184,0200043;82,55999756;0,589999974;58,79999924;17,37000084;0;762,4799805;0;10,65999985
02-jul-23 23:00:00;0,029999999;68,91999817;82,91999817;0,49000001;58,81999969;17,39999962;0;762,3900146;0;10,59000015
02-jul-23 23:05:00;0,289999992;214,4199982;83,69999695;0,589999974;58,81999969;17,21999931;0;762,3499756;0;10,57999992
02-jul-23 23:10:00;0,109999999;200,5599976;83,83999634;0,389999986;58,81000137;17,20999908;0;762,289978;0;10,56000042
02-jul-23 23:15:00;0,079999998;129,5599976;84,22000122;0,49000001;58,83000183;17,21999931;0;762,289978;0;10,53999996
02-jul-23 23:20:00;0;64,81999969;84,27999878;0,200000003;50,81000137;17,21999931;0;762,289978;0;10,52000046
02-jul-23 23:25:00;0,560000002;283,0100098;84,63999939;1,080000043;39,04999924;17,22999954;0;762,2800293;0;10,36999989
02-jul-23 23:30:00;0,75;85,30000305;84,19999695;1,470000029;39,06000137;17,23999977;0;762,1900024;0,01;10,39999962
02-jul-23 23:35:00;0,209999993;13,53999996;84,22000122;0,689999998;39,06000137;20;0;762,1799927;0,01;10,18000031
02-jul-23 23:40:00;0,300000012;53,08000183;84,33999634;0,589999974;39,04999924;20,42000008;0;762,1199951;0,01;10,10999966
03-jul-23 00:00:00;0,01;33,72000122;84,81999969;0,200000003;39,06000137;20,60000038;0;762,1799927;0;9,579999924
03-jul-23 00:05:00;0,059999999;42,84000015;85,09999847;0,389999986;39,06000137;20,60000038;0;762,2199707;0;9,529999733
03-jul-23 00:10:00;0,02;11,10999966;85,45999908;0,389999986;39,06000137;20,60000038;0;762,2800293;0;9,56000042
03-jul-23 00:15:00;0,310000002;56,49000168;85,44000244;0,49000001;39,06000137;20,60000038;0;762,2800293;0;9,520000458
03-jul-23 00:20:00;0,340000004;56,33000183;85,54000092;0,689999998;41,34999847;20,61000061;0;762,2299805;0;9,430000305
03-jul-23 00:25:00;0;0;85,83999634;0;44,65000153;20,62999916;0;762,1599731;0;9,460000038
03-jul-23 00:30:00;0,059999999;3,49000001;85,83999634;0,589999974;44,63999939;20,64999962;0;762,1500244;0,01;9,43999958
03-jul-23 00:35:00;0,689999998;81,41000366;85,86000061;0,980000019;44,63999939;28,03000069;0;762,1599731;0,01;9,350000381
03-jul-23 00:40:00;0,620000005;212,3600006;86,33999634;0,879999995;44,65000153;29,12000084;0;762,1400146;0,01;9,399999619
03-jul-23 00:45:00;0,340000004;79,22000122;86,13999939;0,779999971;44,65000153;29,12000084;0;762,1099854;0;9,449999809
03-jul-23 00:50:00;0,74000001;337,3999939;86,27999878;0,980000019;44,65999985;29,14999962;0;762,210022;0;9,380000114
03-jul-23 00:55:00;0,699999988;300,8200073;87,66000366;0,980000019;44,63999939;29,13999939;0;762,2000122;0;9,729999542
03-jul-23 01:00:00;0,319999993;198,1699982;86,55999756;0,879999995;53,52999878;29,10000038;0;762,1500244;0;9,979999542
03-jul-23 01:05:00;0,769999981;347,1799927;87,23999786;1,179999948;73,58999634;29,02000046;0;762,1500244;0;9,869999886
03-jul-23 01:10:00;1,090000033;26,12999916;87,18000031;1,669999957;1,210000038;29,01000023;0;762,1199951;0,01;10,01000023
03-jul-23 01:15:00;1,220000029;17,20000076;87,33999634;1,570000052;1,210000038;29,03000069;0;762,1099854;0,01;9,899999619
03-jul-23 01:20:00;0,879999995;340,3999939;87,55999756;1,570000052;407,8200073;29,12000084;0;762,0999756;0,01;9,899999619
03-jul-23 01:25:00;0,639999986;307,519989;87,45999908;1,179999948;1001;29,14999962;0;762,0499878;0,01;9,970000267
03-jul-23 01:30:00;0,540000021;259,019989;87,72000122;0,879999995;1001;29,20000076;0;762,0700073;0,01;9,949999809
03-jul-23 01:35:00;0,649999976;232,5399933;87,98000336;1,080000043;1001;21,30999947;0;762,1400146;0,01;10
03-jul-23 01:40:00;0,649999976;242,4600067;88,04000092;1,080000043;1001;20,17000008;0;762,2000122;0,01;10,01000023
03-jul-23 01:45:00;0,100000001;88,59999847;88;0,589999974;1001;20,18000031;0;762,1599731;0;10,02999973
03-jul-23 01:50:00;0;0;88;0;1001;20,18000031;0;762,1799927;0;9,81000042
03-jul-23 01:55:00;0,400000006;35,43000031;88,05999756;0,779999971;1001;20,19000053;0;762,1199951;0;9,56000042
03-jul-23 02:00:00;0,699999988;41,27999878;88,37999725;0,980000019;1001;20,19000053;0;762,1699829;0;9,229999542
03-jul-23 02:05:00;0,720000029;59,45000076;88,73999786;1,269999981;1001;20,19000053;0;762,210022;0;9,100000381
03-jul-23 02:10:00;1,059999943;64,16999817;88,90000153;1,470000029;1001;20,19000053;0;762,1799927;0;9,050000191
03-jul-23 02:15:00;0,99000001;46,91999817;89,31999969;1,75999999;1001;20,17000008;0;762,1699829;0;9,029999733
03-jul-23 02:20:00;0,839999974;50,93000031;89,40000153;1,669999957;614,4299927;20,18000031;0;762,0999756;0;9,090000153
03-jul-23 02:25:00;0,680000007;54,74000168;89,16000366;1,669999957;50,06000137;20,19000053;0;762,0900269;0;9,119999886
03-jul-23 02:30:00;0,25;50,59999847;88,98000336;0,689999998;50,06000137;20,18000031;0;762,1300049;0;8,949999809
03-jul-23 02:35:00;0,400000006;37,93999863;89,05999756;0,879999995;50,06000137;15,56999969;0;762,1199951;0;8,800000191
03-jul-23 02:40:00;0,439999998;91,58999634;89,08000183;1,080000043;50,06000137;14,88000011;0;762,0900269;0;8,720000267
03-jul-23 02:45:00;0,07;69,23999786;89;0,49000001;50,06999969;14,88000011;0;762,0900269;0;8,579999924
03-jul-23 02:50:00;0,75;104,4400024;89,13999939;1,179999948;50,06999969;14,88000011;0;762,1300049;0;8,510000229
03-jul-23 02:55:00;0,5;100,4400024;89,05999756;0,879999995;50,06999969;14,89999962;0;762,1099854;0;8,409999847
03-jul-23 03:00:00;0,330000013;69,79000092;89,22000122;0,879999995;50,06000137;14,90999985;0;762,1099854;0;8,359999657
03-jul-23 03:05:00;0,090000004;6,949999809;89;0,980000019;50,04999924;14,89999962;0;762,1300049;0;8,399999619
03-jul-23 03:10:00;0,150000006;63,13999939;89,13999939;0,49000001;50,06000137;14,89999962;0;762,1799927;0;8,239999771
03-jul-23 03:15:00;0,660000026;144,6399994;89,08000183;0,879999995;50,06999969;14,90999985;0;762,1300049;0;8,199999809
03-jul-23 03:20:00;0,330000013;141,8399963;88,91999817;0,589999974;41,02999878;14,89999962;0;762,1900024;0;8
03-jul-23 03:25:00;0,50999999;113,5400009;89,18000031;0,779999971;27,82999992;14,90999985;0;762,1500244;0;7,829999924
03-jul-23 03:30:00;0,280000001;131,7599945;89,22000122;0,389999986;27,82999992;14,92000008;0;762,210022;0;7,760000229
03-jul-23 03:35:00;0,639999986;116,1399994;89,36000061;0,980000019;27,82999992;19,31999969;0;762,2000122;0;7,769999981
03-jul-23 03:40:00;0,600000024;94,59999847;89,5;0,980000019;27,82999992;19,97999954;0;762,1900024;0,01;7,840000153
03-jul-23 03:45:00;0,620000005;106,0199966;89,27999878;0,980000019;27,82999992;19,96999931;0;762,1500244;0;7,949999809
03-jul-23 03:50:00;0,50999999;95,66000366;89,30000305;0,779999971;27,81999969;19,95999908;0;762,1300049;0;7,889999866
03-jul-23 03:55:00;0,100000001;30,98999977;89,48000336;0,49000001;27,84000015;19,95999908;0;762,1699829;0;7,860000134
03-jul-23 04:00:00;0,939999998;85,05999756;89,45999908;1,269999981;27,84000015;19,96999931;0;762,1199951;0;7,820000172
03-jul-23 04:05:00;0,920000017;83,70999908;89,59999847;1,179999948;27,82999992;19,96999931;0;762,0900269;0;7,809999943
03-jul-23 04:10:00;0,600000024;26,12999916;89,80000305;0,980000019;27,82999992;19,95999908;0;762,1699829;0;7,860000134
03-jul-23 04:15:00;0,910000026;54,93999863;89,72000122;1,179999948;27,84000015;19,95000076;0;762,1099854;0;7,909999847
03-jul-23 04:20:00;0,779999971;59,45000076;89,81999969;1,080000043;28,14999962;19,95999908;0;762,1199951;0;7,809999943
03-jul-23 04:25:00;0,409999996;59,33000183;89,94000244;0,779999971;28,54000092;19,96999931;0;762,0999756;0;7,789999962
03-jul-23 04:30:00;0,569999993;74,23000336;89,80000305;0,779999971;28,55999947;19,96999931;0;762,0900269;0;7,829999924
03-jul-23 04:35:00;0,779999971;50,27999878;90,18000031;1,080000043;28,55999947;14,52999973;0;762,0900269;0;7,769999981
03-jul-23 04:40:00;0,75;75,80000305;89,95999908;0,879999995;28,55999947;13,71000004;0;762,0300293;0;7,829999924
03-jul-23 04:45:00;0,25;96,43000031;89,86000061;0,589999974;28,56999969;13,71000004;0;762,0499878;0;7,71999979
03-jul-23 04:50:00;0,769999981;64,73000336;90,19999695;1,179999948;28,57999992;13,71000004;0;761,9699707;0;7,679999828
03-jul-23 04:55:00;0,709999979;51,66999817;90,04000092;1,080000043;28,57999992;13,71000004;0;761,9799805;0;7,710000038
03-jul-23 05:00:00;0,769999981;68,37000275;90,04000092;1,080000043;28,56999969;13,69999981;0;761,9099731;0;7,650000095
03-jul-23 05:05:00;0,680000007;84,01999664;90,04000092;1,080000043;28,56999969;13,71000004;0;761,9099731;0;7,53000021
03-jul-23 05:10:00;0;17,78000069;90,19999695;0,200000003;28,57999992;13,71000004;0;761,9799805;0;7,46999979
03-jul-23 05:15:00;0,349999994;56,29999924;90,31999969;0,980000019;28,57999992;13,71000004;0;761,9799805;0;7,510000229
03-jul-23 05:20:00;1,24000001;89,12000275;90,16000366;1,570000052;28,87999916;13,71000004;0;761,9099731;0;7,5
03-jul-23 05:25:00;0,819999993;102,7600021;90,33999634;1,570000052;29,29999924;13,72000027;0;761,8300171;0;7,420000076
03-jul-23 05:30:00;0;22,89999962;90,44000244;0,100000001;29,29999924;13,72000027;0;761,8099976;0;7,380000114
03-jul-23 05:35:00;0,439999998;142,9199982;90,44000244;0,779999971;29,29999924;15,60000038;0;761,789978;0;7,420000076
03-jul-23 05:40:00;0,860000014;212,6699982;90,95999908;1,179999948;29,28000069;15,88000011;0;761,7600098;0;7,400000095
03-jul-23 05:45:00;0,870000005;40,40000153;90,48000336;1,269999981;29,29000092;15,86999989;0;761,6699829;0;7,5
03-jul-23 05:50:00;0,829999983;45,41999817;90,66000366;1,179999948;29,29000092;15,86999989;0;761,6400146;0;7,420000076
03-jul-23 05:55:00;0,879999995;31,75;90,62000275;1,269999981;29,29999924;15,86999989;0;761,6799927;0;7,440000057
03-jul-23 06:00:00;0,670000017;20,87000084;90,48000336;0,879999995;29,29999924;15,86999989;0;761,6900024;0;7,380000114
03-jul-23 06:05:00;0,109999999;7,150000095;90,58000183;0,589999974;29,29000092;15,86999989;0;761,6900024;0;7,25
03-jul-23 06:10:00;0;0;90,62000275;0;29,29999924;15,86999989;0;761,7000122;0;7,210000038
03-jul-23 06:15:00;0,219999999;49,52000046;90,68000031;0,689999998;29,30999947;15,88000011;0;761,6900024;0;7,199999809
03-jul-23 06:20:00;0,170000002;35,25;90,86000061;0,689999998;27,43000031;15,86999989;0;761,75;0;7,130000114
03-jul-23 06:25:00;0,050000001;16,87999916;91,08000183;0,289999992;24,63999939;15,86999989;0;761,7800293;0;7,130000114
03-jul-23 06:30:00;0,01;26,29999924;91,12000275;0,389999986;24,63999939;15,88000011;0;761,7800293;0;7,210000038
03-jul-23 06:35:00;0,5;123,6800003;91,18000031;0,779999971;24,62999916;14,21000004;0;761,789978;0;7,340000153
03-jul-23 06:40:00;0,579999983;115,8399963;91,04000092;0,879999995;24,62999916;13,96000004;0;761,8599854;0;7,210000038
03-jul-23 06:45:00;0,639999986;118,1999969;91,22000122;0,879999995;24,63999939;13,94999981;0;761,8699951;0;7,139999866
03-jul-23 06:50:00;0,050000001;48,95999908;91,33999634;0,289999992;24,64999962;13,94999981;0;761,9299927;0;7,159999847
03-jul-23 06:55:00;0,050000001;39,43999863;91,69999695;0,389999986;24,64999962;13,93999958;0;761,9699707;0;7,21999979
03-jul-23 07:00:00;0,219999999;65,5;91,37999725;0,779999971;24,62999916;13,93000031;0;761,9699707;0;7,340000153
03-jul-23 07:05:00;0,839999974;69,70999908;91,63999939;0,980000019;24,63999939;13,93999958;0;761,9899902;0;7,300000191
03-jul-23 07:10:00;0,360000014;70,58000183;92,08000183;0,779999971;24,64999962;13,94999981;0;761,9699707;0,01;7,440000057
03-jul-23 07:15:00;0,439999998;75,76999664;91,72000122;0,689999998;24,64999962;13,94999981;0;761,9699707;0,01;7,599999905
03-jul-23 07:20:00;0,660000026;23,97999954;91,90000153;0,879999995;24,95000076;13,94999981;0;761,9899902;0,050000001;7,699999809
03-jul-23 07:25:00;0,769999981;28,84000015;92,27999878;1,179999948;25,37000084;13,94999981;0;762,0300293;0,170000002;7,730000019
03-jul-23 07:30:00;1,230000019;30,55999947;92,41999817;1,75999999;25,35000038;13,96000004;0;762,039978;0,310000002;8,069999695
03-jul-23 07:35:00;1,629999995;44,04000092;91,91999817;2,059999943;25,37000084;11,39999962;0;761,9899902;0,660000026;8,090000153
03-jul-23 07:40:00;1,860000014;34,97000122;92,12000275;2,839999914;25,37000084;11,02000046;0;762,0200195;1,350000024;7,960000038
03-jul-23 07:45:00;2,420000076;40,88999939;92,41999817;3,140000105;25,37999916;11,02000046;0;762,0100098;2,24000001;7,96999979
03-jul-23 07:50:00;2,50999999;38,15999985;92,40000153;3,329999924;25,37000084;11,01000023;0;762,039978;3,480000019;8,06000042
03-jul-23 07:55:00;2,400000095;33,11999893;92,23999786;3,329999924;25,37999916;11,02000046;0;762,0700073;5,309999943;8,18999958
03-jul-23 08:00:00;2,329999924;33,75999832;92,05999756;3,140000105;25,37999916;11,01000023;0;762,0800171;9,050000191;8,270000458
03-jul-23 08:05:00;1,870000005;29,70000076;91,72000122;3,140000105;25,37000084;11,02000046;0;762,0800171;11,64999962;8,300000191
03-jul-23 08:10:00;1,649999976;32,52000046;91,58000183;2,160000086;25,37000084;11,01000023;0;762,0499878;14,72000027;8,270000458
03-jul-23 08:15:00;1,820000052;34,79000092;91,63999939;2,450000048;25,37999916;11;0;762,0900269;33,04000092;8,359999657
03-jul-23 08:20:00;0,819999993;55,40000153;91,58000183;1,75999999;29,81999969;11,01000023;0;762,1099854;47,72999954;8,529999733
03-jul-23 08:25:00;0,579999983;112,3000031;90,98000336;1,080000043;36,34999847;11,01000023;0;762,1500244;56,08000183;8,640000343
03-jul-23 08:30:00;0,649999976;122,1200027;91;1,080000043;36,34000015;11,02000046;0;762,1699829;64,44000244;8,640000343
03-jul-23 08:35:00;0,01;13,56999969;91,23999786;0,389999986;36,34000015;10,56999969;0;762,210022;73,23000336;9,020000458
03-jul-23 08:40:00;0,109999999;113,5800018;90,16000366;0,49000001;36,33000183;10,5;0;762,2299805;81,23999786;9,260000229
03-jul-23 08:45:00;0;0;90,51999664;0;36,34000015;10,47000027;0;762,2600098;90,13999939;9,550000191
03-jul-23 08:50:00;0,550000012;123,6999969;88,73999786;0,879999995;36,34999847;10,47999954;0;762,25;99,09999847;9,840000153
03-jul-23 08:55:00;0,25;99,01999664;88,80000305;0,779999971;36,34999847;10,5;0;762,2999878;108,0199966;9,829999924
03-jul-23 09:00:00;0,07;33,31999969;87,87999725;0,49000001;36,34999847;10,5;0;762,3499756;113,6399994;10,19999981
03-jul-23 09:05:00;0,159999996;63,08000183;86,55999756;0,589999974;36,34999847;10,48999977;0;762,3699951;121,3199997;10,65999985
03-jul-23 09:10:00;0,579999983;61,74000168;84,44000244;0,879999995;36,36000061;10,5;0;762,3800049;130,5200043;10,92000008
03-jul-23 09:15:00;0,639999986;61,54000092;83,01999664;0,879999995;36,36000061;10,51000023;0;762,3800049;139,8200073;11,11999989
03-jul-23 09:20:00;0,620000005;93,40000153;82;0,980000019;43,59999847;10,51000023;0;762,3800049;149,4600067;11,39999962
03-jul-23 09:25:00;0,170000002;69,51000214;81,19999695;0,589999974;54,22999954;10,51000023;0;762,4199829;156,0399933;11,68000031
03-jul-23 09:30:00;0,50999999;53,81000137;79,77999878;1,269999981;54,22999954;10,51000023;0;762,3800049;105,5199966;12,23999977
03-jul-23 09:35:00;0,870000005;50,65999985;77,29000092;1,269999981;54,24000168;20,04999924;0;762,3900146;174,2400055;12,63000011
03-jul-23 09:40:00;0,610000014;52,56999969;76,58000183;1,370000005;54,24000168;21,43000031;0;762,4099731;185,8600006;12,75
03-jul-23 09:45:00;1,059999943;30,26000023;74,37000275;1,570000052;54,24000168;21,43000031;0;762,4299927;194,8600006;12,86999989
03-jul-23 09:50:00;0,99000001;27,06999969;74,44999695;1,470000029;54,24000168;21,43000031;0;762,4000244;204;12,73999977
03-jul-23 09:55:00;0,75999999;46,86000061;73,80000305;1,470000029;54,22999954;21,42000008;0;762,3900146;212,7200012;12,97999954
03-jul-23 10:00:00;1,120000005;41,84000015;72,27999878;1,669999957;54,24000168;21,42000008;0;762,3499756;222,0599976;13,13000011
03-jul-23 10:05:00;1,440000057;29,36000061;71,41000366;2,059999943;54,24000168;21,42000008;0;762,3800049;231,3399963;13,05000019
03-jul-23 10:10:00;1,129999995;31,62000084;71,48000336;1,860000014;54,22999954;21,42000008;0;762,3800049;240,6399994;13,10000038
03-jul-23 10:15:00;0,779999971;18,92000008;70,47000122;1,75999999;54,24000168;21,40999985;0;762,3499756;249,6199951;13,51000023
03-jul-23 10:20:00;1,039999962;270,8999939;68,51000214;1,75999999;54,06000137;21,42000008;0;762,3599854;258,4400024;13,88000011
03-jul-23 10:25:00;0,779999971;258,4500122;67,44000244;1,370000005;53,75;21,42000008;0;762,3699951;267,9599915;13,85000038
03-jul-23 10:30:00;0,75;259,480011;67,83000183;2,450000048;53,75;21,40999985;0;762,3499756;274,8800049;13,97999954
03-jul-23 10:35:00;1,230000019;261,8599854;71,91000366;2,650000095;53,75;17,98999977;0;762,3099976;281,0799866;13,92000008
03-jul-23 10:40:00;1,279999971;258,0799866;74,65000153;2,160000086;53,75;17,36000061;0;762,2600098;286,5;13,68000031
03-jul-23 10:45:00;0,75999999;259,9400024;75,37999725;1,669999957;53,74000168;17,26000023;0;762,25;295,0599976;13,75
03-jul-23 10:50:00;0,790000021;271,3599854;74,54000092;1,860000014;53,74000168;17,22999954;0;762,2399902;304,6199951;13,93999958
03-jul-23 10:55:00;1,210000038;262,1400146;72,83000183;2,450000048;53,74000168;17,20000076;0;762,2399902;311,2000122;14,11999989
03-jul-23 11:00:00;1,190000057;256,7600098;72,26000214;2,839999914;53,74000168;17,20000076;0;762,210022;318,6600037;14,11999989
03-jul-23 11:05:00;1,200000048;262,3800049;71,04000092;3,140000105;53,74000168;17,19000053;0;762,1799927;323,8200073;14,19999981
03-jul-23 11:10:00;0,910000026;261,3800049;70,58000183;2,650000095;53,74000168;17,17000008;0;762,1699829;331,2600098;14,23999977
03-jul-23 11:15:00;1,039999962;261,7200012;69,58999634;2,549999952;53,75;17,17000008;0;762,1599731;337,7600098;14,43000031
03-jul-23 11:20:00;1,129999995;260,1199951;69,62000275;2,349999905;49,59000015;17,17000008;0;762,1500244;342,0599976;14,39999962
03-jul-23 11:25:00;0,910000026;251,5;70,20999908;2,650000095;43,43999863;17,18000031;0;762,1099854;348,0400085;14,38000011
03-jul-23 11:30:00;0,709999979;252,5599976;68,69999695;2,25;43,43000031;17,19000053;0;762,0599976;354,9599915;14,65999985
03-jul-23 11:35:00;1,379999995;258;69,55999756;2,650000095;43,43000031;16,12999916;0;762,0499878;358,980011;14,38000011
03-jul-23 11:40:00;0,939999998;247,9199982;70,11000061;2,74000001;43,43999863;15,97000027;0;762,0599976;364,8399963;14,53999996
03-jul-23 11:45:00;1,269999981;238;70,80000305;2,940000057;43,43999863;15,93999958;0;762,0300293;370,3200073;14,43000031
03-jul-23 11:50:00;1,279999971;245,5;71,26999664;3,039999962;43,43000031;15,89000034;0;761,9899902;374,8599854;14,51000023
03-jul-23 11:55:00;1,639999986;240,2200012;71,26999664;3,140000105;43,43999863;15,97000027;0;761,960022;377,1400146;14,5
03-jul-23 12:00:00;1,919999957;238,9400024;72,40000153;3,329999924;43,43999863;15,93999958;0;761,9500122;381,9400024;14,25
03-jul-23 12:05:00;0,769999981;249,8200073;72,94999695;2,650000095;43,41999817;15,88000011;0;761,9000244;385,2799988;14,46000004
03-jul-23 12:10:00;1,159999967;297,2600098;68,79000092;2,450000048;43,43999863;15,89000034;0;761,8699951;388,8999939;15,35999966
03-jul-23 12:15:00;1,879999995;314,9200134;65,16999817;3,329999924;43,43999863;15,88000011;0;761,8300171;391,7000122;15,61999989
03-jul-23 12:20:00;2,180000067;304,7000122;64,70999908;3,630000114;39,33000183;15,88000011;0;761,8200073;394,2000122;15,55000019
03-jul-23 12:25:00;2,279999971;295,7600098;62,72000122;3,529999971;33,22000122;15,90999985;0;761,7700195;396,980011;15,93000031
03-jul-23 12:30:00;1,899999976;303,2799988;60,75;3,039999962;33,22000122;15,90999985;0;761,7399902;399,3200073;16,20000076
03-jul-23 12:35:00;1,029999971;262,1400146;63,02000046;2,549999952;33,22000122;12,13000011;0;761,7000122;400,6400146;16,05999947
03-jul-23 12:40:00;1,070000052;255,1799927;64,26000214;2,940000057;33,22000122;11,57999992;0;761,6699829;402,5799866;15,98999977
03-jul-23 12:45:00;0,819999993;277,5;63,43999863;2,450000048;33,22000122;11,61999989;0;761,6199951;404,0799866;16,01000023
03-jul-23 12:50:00;1,289999962;253,4400024;64,70999908;2,74000001;33,22000122;11,63000011;0;761,5499878;404,7399902;15,55000019
03-jul-23 12:55:00;1,370000005;252,3399963;66,69000244;2,839999914;33,20999908;11,64000034;0;761,4799805;405,3599854;15,25
03-jul-23 13:00:00;1,059999943;268,4200134;65,37000275;2,160000086;33,22000122;11,61999989;0;761,4099731;404,7600098;15,43000031
03-jul-23 13:05:00;1,129999995;248,1199951;65,05999756;2,160000086;33,20999908;11,63000011;0;761,3499756;403,0599976;15,39000034
03-jul-23 13:10:00;0,689999998;272,2000122;65,16999817;1,570000052;33,20999908;11,63000011;0;761,289978;403,480011;15,47000027
03-jul-23 13:15:00;1,029999971;268,4200134;63,77999878;1,860000014;33,22999954;11,63000011;0;761,2299805;402,4599915;15,90999985
03-jul-23 13:20:00;0,879999995;254,8200073;64,22000122;1,669999957;32,93999863;11,61999989;0;761,1799927;400,3999939;16,07999992
03-jul-23 13:25:00;0,910000026;252,3999939;64,01000214;2,160000086;32,49000168;11,63000011;0;761,2000122;397,5400085;16,04999924
03-jul-23 13:30:00;1,179999948;286,7399902;61,91999817;2,650000095;32,5;11,64000034;0;761,1799927;396,2600098;16,29999924
03-jul-23 13:35:00;1,019999981;281,8399963;61,09000015;2,450000048;32,5;11,01000023;0;761,1400146;393,8200073;16,57999992
03-jul-23 13:40:00;2,130000114;311,0400085;58,88000107;3,039999962;32,49000168;10,92000008;0;761,1599731;391,0400085;16,84000015
03-jul-23 13:45:00;2,390000105;316,8999939;57,75999832;3,329999924;32,5;10,92000008;0;761,1599731;388,1799927;16,94000053
03-jul-23 13:50:00;2,420000076;311,3200073;58,16999817;3,720000029;32,5;10,92000008;0;761,1199951;305,1199951;16,73999977
03-jul-23 13:55:00;2,349999905;305,5400085;58,22000122;3,329999924;32,5;10,92000008;0;761,0900269;318,5;16,60000038
03-jul-23 14:00:00;2,450000048;309,2000122;58,68999863;3,630000114;32,50999832;10,90999985;0;761,0999756;376,3800049;16,54999924
03-jul-23 14:05:00;1,909999967;299,7000122;59,06999969;3,230000019;32,50999832;10,89999962;0;761,0900269;371,8599854;16,75
03-jul-23 14:10:00;2,029999971;287,8999939;59,93000031;3,430000067;32,5;10,90999985;0;761,0700073;367,7600098;16,55999947
03-jul-23 14:15:00;1,289999962;265,4200134;59,38999939;2,839999914;32,50999832;10,89999962;0;761,0700073;363,2799988;16,64999962
03-jul-23 14:20:00;1,809999943;280,2999878;58,90000153;3,230000019;34,97000122;10,89999962;0;761,0800171;358,3999939;16,59000015
03-jul-23 14:25:00;1,720000029;283,4400024;59,81999969;2,940000057;38,58000183;10,90999985;0;761,0700073;353,2000122;16,04000092
03-jul-23 14:30:00;1,809999943;278,8399963;59,25;3,140000105;38,56999969;10,90999985;0;761,1300049;347,480011;16,06999969
03-jul-23 14:35:00;1,210000038;280,7200012;59,04999924;2,349999905;38,59000015;12,19999981;0;761,1599731;341,9200134;16,52000046
03-jul-23 14:40:00;2,00999999;284,1799927;60,54999924;3,430000067;38,56999969;12,38000011;0;761,1699829;335,2999878;16,53000069
03-jul-23 14:45:00;2,160000086;280,4200134;64,04000092;3,329999924;38,56000137;12,38000011;0;761,1599731;327,2000122;16,20000076
03-jul-23 14:50:00;2,079999924;291,3800049;63,54999924;3,230000019;38,56999969;12,38000011;0;761,1500244;321,7000122;16,36000061
03-jul-23 14:55:00;1,549999952;283,4599915;62,86999893;2,940000057;38,56999969;12,38000011;0;761,1500244;314,6400146;16,67000008
03-jul-23 15:00:00;1,649999976;295,3800049;61,79999924;3,230000019;38,56999969;12,39000034;0;761,1300049;308,2799988;17,01000023
03-jul-23 15:05:00;1,429999948;327,6600037;59,88999939;2,450000048;38,58000183;12,38000011;0;761,1199951;301,2000122;17,17000008
03-jul-23 15:10:00;0,970000029;263,7399902;57,79999924;1,75999999;38,58000183;12,38000011;0;761,1099854;294,0599976;17,35000038
03-jul-23 15:15:00;1,00999999;327,3599854;55,97000122;2,059999943;38,59000015;12,39000034;0;761,1199951;287;17,53000069
03-jul-23 15:20:00;1,360000014;317,1600037;53,90000153;2,549999952;36,02999878;12,38000011;0;761,1199951;279,1000061;17,84000015
03-jul-23 15:25:00;1,799999952;300,6400146;56,52000046;2,839999914;32,22000122;12,39000034;0;761,1199951;270,1199951;17,92000008
03-jul-23 15:30:00;1,940000057;299,7600098;57,95000076;3,039999962;32,22000122;12,39999962;0;761,1199951;261,6400146;17,95999908
03-jul-23 15:35:00;1,940000057;299,8200073;60,54000092;3,039999962;32,22000122;15,15999985;0;761,1599731;252,1399994;17,65999985
03-jul-23 15:40:00;1,779999971;318,980011;62,31000137;3,630000114;32,20999908;15,52999973;0;761,1900024;243,3399963;17,52000046
03-jul-23 15:45:00;1,669999957;326,480011;65,45999908;3,430000067;32,20000076;15,39000034;0;761,1699829;234,5800018;17,04999924
03-jul-23 15:50:00;0,839999974;340,8399963;66,01999664;2,25;32,20999908;15,43000031;0;761,1699829;226,4199982;17,03000069
03-jul-23 15:55:00;1,350000024;85,11000061;63,95999908;3,039999962;32,20999908;15,52999973;0;761,1900024;218,1600037;17,09000015
03-jul-23 16:00:00;1,169999957;76,88999939;62,45000076;2,059999943;32,22000122;15,52000046;0;761,2399902;208,2599945;17,12999916
03-jul-23 16:05:00;1,24000001;153,3200073;62,18000031;2,450000048;32,22000122;15,52999973;0;761,2600098;199,2799988;17,29999924
03-jul-23 16:10:00;1,110000014;337,3399963;64,90000153;2,450000048;32,20999908;15,52000046;0;761,2999878;190;17,28000069
03-jul-23 16:15:00;1,450000048;28,02000046;64,65000153;2,839999914;32,22000122;15,51000023;0;761,3300171;181,1000061;17,45000076
03-jul-23 16:20:00;1,769999981;45,09999847;67,55000305;3,039999962;37,06000137;15,51000023;0;761,3800049;171,4799957;17
03-jul-23 16:25:00;2,210000038;48,15000153;69,19999695;3,329999924;44,18000031;15,52999973;0;761,4199829;162,3999939;16,68000031
03-jul-23 16:30:00;2,109999895;37,06999969;70,40000153;3,230000019;44,18000031;15,52000046;0;761,4199829;153,0800018;16,45000076
03-jul-23 16:35:00;2,029999971;44,06000137;70,98999786;3,630000114;44,18000031;17,20999908;0;761,4400024;143,5200043;16,37000084
03-jul-23 16:40:00;2,299999952;58,27999878;71,18000031;4,119999886;44,18999863;17,45000076;0;761,4799805;133,9600067;16,20999908
03-jul-23 16:45:00;2,059999943;59,06999969;69,88999939;3,329999924;44,18000031;17,45000076;0;761,5;122,7799988;15,97000027
03-jul-23 16:50:00;1,840000033;64,93000031;68,51999664;2,650000095;44,18000031;17,45999908;0;761,5300293;111,9400024;16,04000092
03-jul-23 16:55:00;1,889999986;76,52999878;66,31999969;2,74000001;44,18999863;17,45000076;0;761,5599976;104,8399963;15,96000004
03-jul-23 17:00:00;1,620000005;62,88999939;66,93000031;2,74000001;44,16999817;17,45000076;0;761,5999756;96,40000153;16,07999992
03-jul-23 17:05:00;1,399999976;71,36000061;67,45999908;2,450000048;44,15999985;17,45999908;0;761,6199951;88,30000305;16,14999962
03-jul-23 17:10:00;2,039999962;67,55999756;70,22000122;2,940000057;44,15999985;17,44000053;0;761,7000122;77,88999939;16,04999924
03-jul-23 17:15:00;1,649999976;61,56999969;72,86000061;2,549999952;44,20000076;17,43000031;0;761,7700195;67,29000092;15,77999973
03-jul-23 17:20:00;1,799999952;76,98000336;74,23000336;2,549999952;43,59999847;17,44000053;0;761,8099976;58,36999893;15,57999992
03-jul-23 17:25:00;2,440000057;74,26000214;75,81999969;3,039999962;42,70000076;17,45000076;0;761,8200073;50,61999893;15,47999954
03-jul-23 17:30:00;2,200000048;67,65000153;77,34999847;3,430000067;42,70999908;17,45999908;0;761,8400269;43,68000031;15,31999969
03-jul-23 17:35:00;2,00999999;64,16999817;78,66999817;3,039999962;42,70999908;13,89999962;0;761,8900146;27,45999908;15,17000008
03-jul-23 17:40:00;2,410000086;58,95999908;80,22000122;3,529999971;42,70999908;13,39999962;0;761,9400024;11,65999985;14,96000004
03-jul-23 17:45:00;2,25;71,48000336;81,83999634;3,819999933;42,70000076;13,39999962;0;761,9699707;9,760000229;14,73999977
03-jul-23 17:50:00;2,720000029;76,5;83,09999847;4,309999943;42,68999863;13,35000038;0;761,9899902;7,800000191;14,65999985
03-jul-23 17:55:00;3,069999933;73,20999908;84,26000214;4,900000095;42,70000076;13,38000011;0;762;5,800000191;14,56000042
03-jul-23 18:00:00;3,25999999;76,29000092;85,26000214;4,800000191;42,70000076;13,36999989;0;762,0100098;3,970000029;14,44999981
03-jul-23 18:05:00;2,940000057;73,30999756;85,98000336;4,699999809;42,70000076;13,35999966;0;762,0300293;2,549999952;14,35000038
03-jul-23 18:10:00;2,220000029;72,23999786;86,41999817;3,230000019;42,68999863;13,35999966;0;762,0499878;1,610000014;14,23999977
03-jul-23 18:15:00;1,870000005;78,81999969;86,76000214;2,940000057;42,70999908;13,32999992;0;762,0800171;0,949999988;14,21000004
03-jul-23 18:20:00;1,620000005;74,44000244;86,95999908;3,230000019;42,33000183;13,31999969;0;762,1400146;0,469999999;14,18999958
03-jul-23 18:25:00;1,669999957;72,31999969;87,22000122;3,430000067;41,70999908;13,34000015;0;762,2000122;0,150000006;14,13000011
03-jul-23 18:30:00;1,799999952;68,91999817;87,55999756;3,819999933;41,70000076;13,34000015;0;762,210022;0,029999999;14,09000015
03-jul-23 18:35:00;1,75;72,58999634;87,81999969;3,230000019;41,72999954;13,96000004;0;762,2399902;0,01;14,09000015
03-jul-23 18:40:00;1,820000052;74,55000305;88,01999664;3,630000114;41,72999954;14,05000019;0;762,2999878;0;14,07999992
03-jul-23 18:45:00;2,029999971;78,80999756;88,18000031;3,529999971;41,72000122;14,03999996;0;762,2999878;0;14,06999969
03-jul-23 18:50:00;1,889999986;76;88,45999908;3,630000114;41,72999954;14,06000042;0;762,3499756;0;14,06000042
03-jul-23 18:55:00;2,019999981;77,29000092;88,63999939;3,430000067;41,72000122;14,06000042;0;762,3900146;0;14,05000019
03-jul-23 19:00:00;1,75;76,13999939;88,76000214;3,039999962;41,72999954;14,05000019;0;762,4099731;0,02;14,02000046
03-jul-23 19:05:00;1,379999995;84,58000183;88,83999634;2,160000086;41,72999954;14,05000019;0;762,4500122;0,01;13,89999962
03-jul-23 19:10:00;1,450000048;88;89;2,349999905;41,72000122;14,05000019;0;762,5100098;0;13,81999969
03-jul-23 19:15:00;1,600000024;83,98999786;89,16000366;3,039999962;41,74000168;14,03999996;0;762,539978;0;13,80000019
03-jul-23 19:20:00;1,549999952;90,05999756;89,27999878;2,349999905;38,41999817;14,06999969;0;762,5599976;0;13,77999973
03-jul-23 19:25:00;1,830000043;92,12000275;89,48000336;2,650000095;33,45000076;14,07999992;0;762,5999756;0;13,73999977
03-jul-23 19:30:00;1,49000001;92,59999847;89,48000336;2,450000048;33,45999908;14,09000015;0;762,5999756;0;13,68000031
03-jul-23 19:35:00;1,590000033;96,40000153;89,66000366;2,450000048;33,45999908;13,05000019;0;762,5900269;0;13,61999989
03-jul-23 19:40:00;2,119999886;94,37999725;89,86000061;2,74000001;33,45999908;12,88000011;0;762,5800171;0;13,56999969
03-jul-23 19:45:00;1,929999948;86,73999786;89,86000061;3,140000105;33,45999908;12,88000011;0;762,5800171;0;13,52000046
03-jul-23 19:50:00;1,720000029;90,31999969;90,09999847;2,549999952;33,45999908;12,89000034;0;762,6199951;0;13,5
03-jul-23 19:55:00;1,769999981;84,16999817;90,09999847;2,549999952;33,45999908;12,88000011;0;762,6400146;0;13,47000027
03-jul-23 20:00:00;1,539999962;86,43000031;90,23999786;2,25;33,45000076;12,89999962;0;762,6699829;0,01;13,42000008
03-jul-23 20:05:00;1,350000024;105,2600021;90,09999847;1,960000038;33,45999908;12,88000011;0;762,7199707;0,01;13,34000015
03-jul-23 20:10:00;1,330000043;105,6800003;90,19999695;3,039999962;33,45999908;12,85999966;0;762,7299805;0;13,22999954
03-jul-23 20:15:00;1,320000052;105,1399994;90,30000305;1,960000038;33,45999908;12,88000011;0;762,7800293;0;13,13000011
03-jul-23 20:20:00;1,149999976;109,5199966;90,26000214;2,549999952;35,04000092;12,88000011;0;762,8200073;0;13,05000019
03-jul-23 20:25:00;1,120000005;95,37999725;90,33999634;2,349999905;37,33000183;12,89000034;0;762,8499756;0;12,97999954
03-jul-23 20:30:00;1,799999952;94,22000122;90,63999939;2,349999905;37,31999969;12,89000034;0;762,9099731;0;12,98999977
03-jul-23 20:35:00;1,470000029;98,76000214;90,59999847;2,450000048;37,34000015;11,59000015;0;762,9500122;0;13,10999966
03-jul-23 20:40:00;1,230000019;89,76000214;90,37999725;1,860000014;37,34000015;11,39000034;0;762,9799805;0;13,09000015
03-jul-23 20:45:00;1,090000033;92,98000336;90,48000336;1,570000052;37,33000183;11,35999966;0;763,0700073;0;12,98999977
03-jul-23 20:50:00;0,540000021;95,54000092;90,37999725;1,570000052;37,33000183;11,38000011;0;763,1199951;0;12,93999958
03-jul-23 20:55:00;0,370000005;223,6199951;90,37999725;0,779999971;37,33000183;11,38000011;0;763,2000122;0;12,80000019
03-jul-23 21:00:00;0,100000001;149,0800018;90,68000031;0,49000001;37,33000183;11,38000011;0;763,25;0;12,76000023
03-jul-23 21:05:00;0;0;90,5;0;37,33000183;11,38000011;0;763,2600098;0;12,77000046
03-jul-23 21:10:00;0,039999999;56,41999817;90,58000183;0,589999974;37,31999969;11,36999989;0;763,2600098;0,02;12,68999958
03-jul-23 21:15:00;0,209999993;198,0399933;90,59999847;0,689999998;37,34000015;11,38000011;0;763,2999878;0,01;12,47000027
03-jul-23 21:20:00;0,050000001;44,22000122;90,55999756;0,589999974;39,59999847;11,36999989;0;763,3099976;0;12,26000023
03-jul-23 21:25:00;0,430000007;120,3600006;91,16000366;1,080000043;42,93999863;11,36999989;0;763,3599854;0;12,14999962
03-jul-23 21:30:00;0,409999996;118,1800003;90,95999908;0,879999995;42,93999863;11,36999989;0;763,3900146;0;12,35999966
03-jul-23 21:35:00;0,189999998;114,3799973;91,08000183;0,689999998;42,95000076;16,04000092;0;763,4799805;0;12,10999966
03-jul-23 21:40:00;0,079999998;116,4000015;91,13999939;0,49000001;42,95000076;16,70999908;0;763,539978;0;12,01000023
03-jul-23 21:45:00;0,649999976;185,5599976;91,19999695;1,179999948;42,93999863;16,59000015;0;763,5999756;0;11,97000027
03-jul-23 21:50:00;0,460000008;112,5400009;91,23999786;1,370000005;42,93999863;16,68000031;0;763,6699829;0;11,92000008
03-jul-23 21:55:00;0,560000002;119,3600006;91,87999725;1,570000052;42,95000076;16,71999931;0;763,7199707;0;11,93999958
03-jul-23 22:00:00;0,439999998;228,1199951;91,5;1,080000043;42,95999908;16,71999931;0;763,7600098;0;12,05000019
03-jul-23 22:05:00;1,129999995;148,5399933;91,31999969;1,75999999;42,95999908;16,70999908;0;763,789978;0;11,97000027
03-jul-23 22:10:00;0,280000001;148,2200012;91,63999939;0,980000019;42,93999863;16,70000076;0;763,8800049;0;11,76000023
03-jul-23 22:15:00;0,360000014;103,0400009;91,69999695;1,470000029;42,95999908;16,70999908;0;763,9500122;0;11,77000046
03-jul-23 22:20:00;0,419999987;115,8199997;91,77999878;1,370000005;47,11999893;16,63999939;0;764,0300293;0;11,64999962
03-jul-23 22:25:00;0,839999974;155,6000061;92,13999939;1,860000014;53,24000168;16,52000046;0;764,0100098;0;11,67000008
03-jul-23 22:30:00;1,539999962;153,5399933;92,04000092;2,450000048;53,22999954;16,52000046;0;763,9699707;0;12,05000019
03-jul-23 22:35:00;0,409999996;145,0800018;91,62000275;1,080000043;53,25999832;25,20999908;0;764,0499878;0;11,94999981
03-jul-23 22:40:00;1,129999995;179,2400055;92,31999969;1,960000038;53,25999832;26,5;0;764,0999756;0;11,89999962
03-jul-23 22:45:00;0,910000026;157,9600067;91,87999725;1,470000029;53,24000168;26,61000061;0;764,1500244;0;12,32999992
03-jul-23 22:50:00;0,519999981;157,9199982;91,27999878;0,879999995;53,25;26,63999939;0;764,1799927;0;12,10000038
03-jul-23 22:55:00;0,829999983;122,2600021;91,68000031;1,370000005;53,25999832;26,64999962;0;764,1799927;0;11,92000008
03-jul-23 23:00:00;1,039999962;142,5;92,27999878;1,370000005;53,25999832;26,64999962;0;764,2199707;0;11,97999954
03-jul-23 23:05:00;0,589999974;120,9199982;91,44000244;0,980000019;53,24000168;26,64999962;0;764,2600098;0;12,09000015
03-jul-23 23:10:00;0,370000005;112,2399979;91,36000061;0,779999971;53,25999832;26,64999962;0;764,2700195;0;11,80000019
03-jul-23 23:15:00;0,219999999;178,8800049;91,87999725;0,779999971;53,25999832;26,64999962;0;764,2700195;0;11,59000015
03-jul-23 23:20:00;0,639999986;138,4400024;92;1,080000043;51,88000107;26,63999939;0;764,2700195;0;11,85999966
03-jul-23 23:25:00;0,129999995;57,25999832;91,58000183;0,689999998;49,79999924;26,67000008;0;764,2700195;0;11,71000004
03-jul-23 23:30:00;0,75;96,76000214;92,09999847;1,669999957;49,79000092;26,67000008;0;764,2700195;0;11,68000031
03-jul-23 23:35:00;0,409999996;219,1799927;91,63999939;1,179999948;49,79999924;25,81999969;0;764,3200073;0;11,71000004
03-jul-23 23:40:00;0,790000021;142,1999969;91,98000336;1,269999981;49,79999924;25,69000053;0;764,3599854;0;11,56999969
03-jul-23 23:45:00;0,629999995;120,9800034;92,08000183;1,269999981;49,81000137;25,68000031;0;764,3900146;0;11,38000011
03-jul-23 23:50:00;1,059999943;142,2799988;92,58000183;1,470000029;49,81000137;25,68000031;0;764,4199829;0;11,56000042
04-jul-23 00:00:00;0,639999986;98,48000336;92,18000031;0,980000019;49,79999924;25,68000031;0;764,4400024;0;11,35000038
04-jul-23 00:05:00;0,74000001;92,37999725;92,30000305;0,980000019;49,79999924;25,68000031;0;764,4699707;0;11,30000019
04-jul-23 00:10:00;0,310000002;65,5;92,62000275;0,779999971;49,81000137;25,65999985;0;764,5;0;11,23999977
04-jul-23 00:15:00;0,709999979;35,81000137;92,72000122;1,269999981;49,81999969;25,67000008;0;764,539978;0;11,38000011
04-jul-23 00:20:00;0,709999979;25,80999947;92,45999908;1,080000043;44,59999847;25,65999985;0;764,5499878;0;11,39999962
04-jul-23 00:25:00;0,670000017;34,83000183;92,63999939;0,980000019;36,83000183;25,68000031;0;764,5800171;0;11,38000011
04-jul-23 00:30:00;0,560000002;53,40999985;92,33999634;0,779999971;36,83000183;25,68000031;0;764,5800171;0;11,22000027
04-jul-23 00:35:00;0,870000005;88,63999939;92,90000153;1,370000005;36,84000015;15,48999977;0;764,5900269;0;11,06999969
04-jul-23 00:40:00;0,5;51,56000137;92,90000153;0,779999971;36,84999847;14,05000019;0;764,5599976;0;11,19999981
04-jul-23 00:45:00;1,110000014;60,70999908;92,87999725;1,370000005;36,84999847;14,03999996;0;764,539978;0;11,06999969
04-jul-23 00:50:00;1,169999957;61,31000137;92,90000153;1,570000052;36,86000061;14,02999973;0;764,5;0;11,10999966
04-jul-23 00:55:00;1,580000043;48,59000015;93,26000214;2,160000086;36,84000015;14,02999973;0;764,5;0;11,09000015
04-jul-23 01:00:00;1,549999952;44,00999832;93,13999939;2,160000086;36,84999847;14,02999973;0;764,4699707;0;11,10999966
04-jul-23 01:05:00;1,429999948;33,52999878;93,08000183;1,960000038;36,84999847;14,02999973;0;764,4899902;0;11,01000023
04-jul-23 01:10:00;1,49000001;29,59000015;93,08000183;2,450000048;36,84999847;14,03999996;0;764,4699707;0;10,85000038
04-jul-23 01:15:00;1,450000048;26,67000008;93,18000031;2,349999905;36,86000061;14,02999973;0;764,4699707;0;10,73999977
04-jul-23 01:20:00;1,070000052;44,27999878;93,13999939;1,960000038;34,70000076;14,03999996;0;764,4799805;0;10,64000034
04-jul-23 01:25:00;1,210000038;40,58000183;93,18000031;1,75999999;31,46999931;14,06000042;0;764,4799805;0;10,52999973
04-jul-23 01:30:00;1,049999952;30,87999916;93,23999786;1,470000029;31,45999908;14,06999969;0;764,4799805;0;10,46000004
04-jul-23 01:35:00;1,049999952;26,17000008;93,22000122;1,470000029;31,47999954;15,53999996;0;764,4799805;0;10,39000034
04-jul-23 01:40:00;1,570000052;21,95000076;93,36000061;2,059999943;31,46999931;15,73999977;0;764,4899902;0;10,32999992
04-jul-23 01:45:00;1,370000005;26,98999977;93,40000153;1,75999999;31,47999954;15,73999977;0;764,5200195;0;10,35000038
04-jul-23 01:50:00;1,090000033;46,77000046;93,27999878;1,570000052;31,48999977;15,73999977;0;764,5800171;0;10,38000011
04-jul-23 01:55:00;1,549999952;46,77999878;93,5;1,860000014;31,47999954;15,72000027;0;764,5599976;0;10,35999966
04-jul-23 02:00:00;1,230000019;51,20000076;93,36000061;1,669999957;31,47999954;15,75;0;764,5800171;0;10,39000034
04-jul-23 02:05:00;1,120000005;54,08000183;93,37999725;1,370000005;31,46999931;15,73999977;0;764,5900269;0;10,31999969
04-jul-23 02:10:00;0,629999995;54,09000015;93,08000183;1,370000005;31,45000076;15,73999977;0;764,5900269;0;10,22000027
04-jul-23 02:15:00;0,01;15,93000031;93,31999969;0,289999992;31,46999931;15,73999977;0;764,5700073;0;9,93999958
04-jul-23 02:20:00;0,029999999;34,52000046;93,33999634;0,289999992;34,15000153;15,73999977;0;764,5800171;0;9,93999958
04-jul-23 02:25:00;0,340000004;80,08999634;93,23999786;0,589999974;38,06000137;15,75;0;764,5900269;0;9,829999924
04-jul-23 02:30:00;0,170000002;40,31000137;93,31999969;0,389999986;38,06999969;15,76000023;0;764,5900269;0,01;9,659999847
04-jul-23 02:35:00;0;0;93,16000366;0;38,08000183;15,97000027;0;764,539978;0,01;9,56000042
04-jul-23 02:40:00;0;0;93,55999756;0;38,06999969;15,98999977;0;764,4699707;0;9,409999847
04-jul-23 02:45:00;0;0;93,55999756;0;38,06999969;15,96000004;0;764,4400024;0;9,529999733
04-jul-23 02:50:00;0;0;93,54000092;0;38,08000183;16,01000023;0;764,4299927;0;9,430000305
04-jul-23 02:55:00;0,079999998;21,84000015;93,77999878;0,389999986;38,08000183;16,01000023;0;764,4099731;0;9,329999924
04-jul-23 03:00:00;0,079999998;60,68000031;93,69999695;0,389999986;38,06999969;15,93000031;0;764,3699951;0;9,359999657
04-jul-23 03:05:00;0;0;93,33999634;0;38,09000015;15,86999989;0;764,4199829;0;9,210000038
04-jul-23 03:10:00;0,5;82,69999695;93,69999695;0,689999998;38,08000183;15,85999966;0;764,460022;0;9,06000042
04-jul-23 03:15:00;0,649999976;62,65000153;93,76000214;0,779999971;38,08000183;15,86999989;0;764,4500122;0;9,029999733
04-jul-23 03:20:00;0,610000014;58,34000015;93,94000244;0,689999998;35,13000107;15,88000011;0;764,4199829;0;9,020000458
04-jul-23 03:25:00;0,469999999;37,25;94,22000122;0,689999998;30,73999977;15,89000034;0;764,4000244;0;9,180000305
04-jul-23 03:30:00;0,99000001;57,54999924;94,04000092;1,370000005;30,73999977;15,90999985;0;764,3900146;0;9,25
04-jul-23 03:35:00;1,080000043;48,66999817;94,16000366;1,75999999;30,73999977;16,01000023;0;764,4299927;0,01;9,300000191
04-jul-23 03:40:00;1,5;39,11000061;94,22000122;2,160000086;30,76000023;16,02000046;0;764,3599854;0,01;9,289999962
04-jul-23 03:45:00;1,75999999;38,15000153;94,44000244;2,549999952;30,76000023;16,02000046;0;764,3499756;0;9,350000381
04-jul-23 03:50:00;1,889999986;40,70000076;94,36000061;2,839999914;30,75;16,02000046;0;764,3400269;0;9,470000267
04-jul-23 03:55:00;1,860000014;38,90999985;94,36000061;2,549999952;30,73999977;16,03000069;0;764,3499756;0;9,5
04-jul-23 04:00:00;1,879999995;38,22999954;94,41999817;2,650000095;30,76000023;16,04000092;0;764,3699951;0;9,529999733
04-jul-23 04:05:00;1,769999981;32,68000031;94,31999969;2,25;30,76000023;16,04999924;0;764,3400269;0;9,529999733
04-jul-23 04:10:00;1,850000024;31,07999992;94,26000214;2,349999905;30,75;16,04000092;0;764,3300171;0;9,479999542
04-jul-23 04:15:00;1,429999948;32,38000107;94,37999725;1,960000038;30,76000023;16,03000069;0;764,3900146;0;9,430000305
04-jul-23 04:20:00;0,310000002;136,2799988;94,19999695;1,269999981;29,10000038;16,04000092;0;764,4299927;0;9,350000381
04-jul-23 04:25:00;0,460000008;170,9799957;94,41999817;0,779999971;26,62000084;16,05999947;0;764,4199829;0;9,350000381
04-jul-23 04:30:00;0,25;150,0399933;94,09999847;0,589999974;26,62000084;16,07999992;0;764,4000244;0;9,329999924
04-jul-23 04:35:00;0;0;94,13999939;0;26,62000084;14,85999966;0;764,4000244;0;9,06000042
04-jul-23 04:40:00;0;0;94,09999847;0;26,62000084;14,72000027;0;764,3699951;0;8,890000343
04-jul-23 04:45:00;0,300000012;99,86000061;94,27999878;0,589999974;26,61000061;14,75;0;764,4099731;0;8,720000267
04-jul-23 04:50:00;0,660000026;128,5800018;94,23999786;0,879999995;26,62000084;14,81000042;0;764,4199829;0;8,640000343
04-jul-23 04:55:00;0,519999981;134,0200043;94,26000214;0,689999998;26,62000084;14,84000015;0;764,4899902;0;8,520000458
04-jul-23 05:00:00;0,389999986;105,1600037;94,23999786;0,589999974;26,62999916;14,85000038;0;764,539978;0;8,409999847
04-jul-23 05:05:00;0,239999995;70,5;94,87999725;0,389999986;26,61000061;14,86999989;0;764,5800171;0;8,329999924
04-jul-23 05:10:00;0,180000007;57,00999832;94,91999817;0,389999986;26,61000061;14,85999966;0;764,6500244;0;8,649999619
04-jul-23 05:15:00;0,109999999;199,0200043;94,54000092;0,689999998;26,62000084;14,86999989;0;764,710022;0;8,670000076
04-jul-23 05:20:00;0,970000029;275,5599976;94,81999969;1,669999957;29,38999939;14,86999989;0;764,7299805;0;8,729999542
04-jul-23 05:25:00;0,850000024;149,3999939;94,95999908;1,669999957;33,45000076;14,89000034;0;764,7399902;0;8,850000381
04-jul-23 05:30:00;0,910000026;324,480011;96,16000366;2,25;33,45000076;14,89000034;0;764,7299805;0,01;9,399999619
04-jul-23 05:35:00;0,949999988;315,6400146;95,22000122;1,470000029;33,45000076;17,02000046;0;764,75;0;9,899999619
04-jul-23 05:40:00;0,670000017;307;95,55999756;1,370000005;33,45999908;17,31999969;0;764,8200073;0;10,26000023
04-jul-23 05:45:00;0,879999995;291,7399902;95,18000031;1,570000052;33,43000031;17,27000046;0;764,8499756;0;10,56999969
04-jul-23 05:50:00;0,49000001;127,6100006;93,98000336;1,570000052;33,45999908;17,29999924;0;764,9199829;0;10,31000042
04-jul-23 05:55:00;0,569999993;57,50999832;94,66000366;1,269999981;33,45999908;17,30999947;0;765,0100098;0;9,630000114
04-jul-23 06:00:00;1,059999943;90,72000122;94,86000061;1,669999957;33,45999908;17,29999924;0;765,0599976;0;9,350000381
04-jul-23 06:05:00;0,949999988;207,4199982;95,04000092;1,269999981;33,45999908;17,29999924;0;765,0900269;0;9,380000114
04-jul-23 06:10:00;0,779999971;48,02000046;94,58000183;1,179999948;33,45999908;17,29999924;0;765,1099854;0;9,270000458
04-jul-23 06:15:00;1,049999952;26,51000023;94,77999878;1,269999981;33,47000122;17,30999947;0;765,1900024;0;9,029999733
04-jul-23 06:20:00;0,74000001;146,7799988;94,76000214;1,269999981;34,06000137;17,29999924;0;765,2600098;0;8,880000114
04-jul-23 06:25:00;0,100000001;71,08000183;94,73999786;0,49000001;34,90999985;17,30999947;0;765,2999878;0;8,779999733
04-jul-23 06:30:00;0,479999989;51,41999817;94,54000092;1,269999981;34,90999985;17,31999969;0;765,3300171;0;8,630000114
04-jul-23 06:35:00;0,75;63,95000076;94,77999878;1,080000043;34,90999985;16,45999908;0;765,3200073;0;8,449999809
04-jul-23 06:40:00;0,980000019;26,97999954;95,33999634;1,269999981;34,90000153;16,34000015;0;765,3200073;0;8,460000038
04-jul-23 06:45:00;1,070000052;19,18000031;95,16000366;1,179999948;34,90999985;16,34000015;0;765,3900146;0;8,720000267
04-jul-23 06:50:00;1,210000038;39,59999847;95,04000092;1,75999999;34,91999817;16,32999992;0;765,4099731;0;8,81000042
04-jul-23 06:55:00;1,789999962;56,56999969;95,30000305;2,25;34,91999817;16,34000015;0;765,4000244;0;8,970000267
04-jul-23 07:00:00;1,929999948;47,81999969;95,27999878;2,650000095;34,90999985;16,35000038;0;765,4299927;0;9,090000153
04-jul-23 07:05:00;2,109999895;42,56000137;94,87999725;3,329999924;34,90999985;16,32999992;0;765,4799805;0;9,199999809
04-jul-23 07:10:00;2,339999914;39,52000046;94,83999634;3,230000019;34,90999985;16,34000015;0;765,5100098;0,01;9,029999733
04-jul-23 07:15:00;2,630000114;36,83000183;94,73999786;3,720000029;34,91999817;16,32999992;0;765,539978;0,02;8,949999809
04-jul-23 07:20:00;2,519999981;33,18000031;94,59999847;3,630000114;33,43999863;16,32999992;0;765,5300293;0,100000001;8,880000114
04-jul-23 07:25:00;2,690000057;36,56000137;94,33999634;3,529999971;31,20999908;16,32999992;0;765,5700073;0,330000013;8,829999924
04-jul-23 07:30:00;1,909999967;35,04999924;94,04000092;2,74000001;31,22999954;16,34000015;0;765,6500244;0,600000024;8,81000042
04-jul-23 07:35:00;1,710000038;38;93,83999634;2,650000095;31,21999931;13,60000038;0;765,6799927;0,850000024;8,760000229
04-jul-23 07:40:00;1,320000052;30,68000031;93,81999969;2,25;31,22999954;13,21000004;0;765,6699829;1,549999952;8,760000229
04-jul-23 07:45:00;0,629999995;99,75;93,41999817;1,179999948;31,22999954;13,21000004;0;765,7199707;2,609999895;8,770000458
04-jul-23 07:50:00;1,129999995;134,9400024;93,5;1,470000029;31,22999954;13,21000004;0;765,7600098;3,920000076;8,600000381
04-jul-23 07:55:00;0,910000026;130,0599976;93,90000153;1,269999981;31,21999931;13,19999981;0;765,8300171;5,010000229;8,68999958
04-jul-23 08:00:00;0,839999974;122,5400009;93,58000183;1,669999957;31,22999954;13,21000004;0;765,8599854;10,77999973;8,880000114
04-jul-23 08:05:00;1,059999943;90,81999969;93,27999878;1,470000029;31,22999954;13,21000004;0;765,7700195;14,48999977;8,779999733
04-jul-23 08:10:00;0,529999971;66,70999908;93,31999969;1,269999981;31,22999954;13,22000027;0;765,7600098;16,61000061;8,710000038
04-jul-23 08:15:00;0,49000001;72,98000336;93,37999725;0,779999971;31,23999977;13,21000004;0;765,710022;33,18000031;8,710000038
04-jul-23 08:20:00;0,5;60,77000046;93,81999969;1,080000043;35,15999985;13,21000004;0;765,710022;45,41999817;8,869999886
04-jul-23 08:25:00;0,709999979;63,54000092;93,58000183;1,080000043;40,97000122;13,21000004;0;765,710022;53,18000031;9,220000267
04-jul-23 08:30:00;1;60,34999847;93,44000244;1,570000052;40,97000122;13,22000027;0;765,6900024;61,09999847;9,430000305
04-jul-23 08:35:00;1,24000001;59,91999817;93,30000305;1,75999999;40,97000122;18,48999977;0;765,6699829;69,30999756;9,590000153
04-jul-23 08:40:00;0,649999976;76,22000122;93,27999878;1,269999981;40,97000122;19,21999931;0;765,6599731;78,13999939;9,819999695
04-jul-23 08:45:00;0,430000007;82,76000214;93,16000366;1,179999948;40,99000168;19,17000008;0;765,6199951;88,04000092;9,970000267
04-jul-23 08:50:00;0,439999998;68,86000061;92,87999725;1,179999948;40,97999954;19,19000053;0;765,5999756;97,45999908;10,31000042
04-jul-23 08:55:00;0,039999999;113,4599991;92,44000244;0,49000001;41;19,20000076;0;765,5999756;105,9400024;10,35999966
04-jul-23 09:00:00;0,300000012;281,6799927;92,31999969;0,589999974;40,99000168;19,20000076;0;765,5900269;114,5800018;10,55000019
04-jul-23 09:05:00;0,280000001;231,3399963;91,91999817;0,689999998;40,99000168;19,20999908;0;765,5999756;124,0599976;10,60000038
04-jul-23 09:10:00;0,059999999;95,45999908;92,04000092;0,389999986;40,97999954;19,19000053;0;765,6300049;132,9199982;10,72000027
04-jul-23 09:15:00;0;0;91,87999725;0;41;19,19000053;0;765,6400146;142,4199982;11,27999973
04-jul-23 09:20:00;0,059999999;125,6999969;90,87999725;0,389999986;42,20000076;19,18000031;0;765,6099854;151,5800018;11,52000046
04-jul-23 09:25:00;0,02;5,769999981;89,94000244;0,389999986;43,91999817;19,19000053;0;765,5499878;160,6199951;11,81000042
04-jul-23 09:30:00;0,07;15,06000042;89,83999634;0,589999974;43,90999985;19,19000053;0;765,5300293;110,1600037;12,09000015
04-jul-23 09:35:00;0,100000001;121,9800034;87,68000031;0,49000001;43,90000153;17,27000046;0;765,539978;168,7200012;12,69999981
04-jul-23 09:40:00;0,090000004;190,5200043;86,69999695;0,389999986;43,90000153;16,89999962;0;765,539978;182,4400024;12,86999989
04-jul-23 09:45:00;1,149999976;220,3000031;85;3,140000105;43,93000031;16,72999954;0;765,6300049;190,5399933;12,89999962
04-jul-23 09:50:00;2,109999895;221,1399994;84,87999725;4,699999809;43,91999817;16,71999931;0;765,9099731;198,1999969;12,78999996
04-jul-23 09:55:00;3,700000048;216,7400055;85,33999634;7,940000057;43,93000031;16,71999931;0;765,9400024;207,6999969;13,25
04-jul-23 10:00:00;3,089999914;213,8999939;84,83999634;6,079999924;43,93000031;16,70000076;0;765,9400024;216,2400055;13,5
04-jul-23 10:05:00;3,589999914;236,3200073;84,30000305;7,639999866;43,93000031;16,69000053;0;765,9400024;225,4199982;13,56000042
04-jul-23 10:10:00;3,549999952;235,2200012;84,05999756;7,25;43,93000031;16,63999939;0;765,9899902;231,0800018;13,64000034
04-jul-23 10:15:00;3,00999999;236,2200012;85,27999878;6,079999924;43,95000076;16,61000061;0;765,9899902;245,8999939;13,47999954
04-jul-23 10:20:00;2,24000001;237,4400024;86,09999847;5,190000057;49,04000092;16,67000008;0;765,9400024;245,3999939;13,52000046
04-jul-23 10:25:00;2,349999905;237,5599976;86,19999695;4,800000191;56,65000153;16,69000053;0;765,9000244;260,6799927;13,64999962
04-jul-23 10:30:00;2,309999943;252,8999939;86,09999847;5,389999866;56,65999985;16,70000076;0;765,8599854;269,3200073;13,77000046
04-jul-23 10:35:00;2,25;253,6799927;84,66000366;6,960000038;56,66999817;19,87999916;0;765,8300171;277,2999878;13,97999954
04-jul-23 10:40:00;2,910000086;247,5800018;83,86000061;5,880000114;56,65999985;20,31999969;0;765,7999878;285,9400024;14,10000038
04-jul-23 10:45:00;2,910000086;240,4600067;83,19999695;6,659999847;56,65999985;20,30999947;0;765,789978;293,4400024;14,26000023
04-jul-23 10:50:00;2,890000105;233,1999969;82,77999878;6,369999886;56,66999817;20,30999947;0;765,7800293;300,5599976;14,27000046
04-jul-23 10:55:00;3,150000095;226,9199982;82,66000366;6,570000172;56,65000153;20,30999947;0;765,8099976;307,2600098;14,25
04-jul-23 11:00:00;3,460000038;229,6199951;82,26000214;5,679999828;56,65999985;20,29999924;0;765,789978;314;14,32999992
04-jul-23 11:05:00;3,769999981;239,3000031;82,26000214;6,570000172;56,66999817;20,30999947;0;765,7800293;319,8800049;14,35000038
04-jul-23 11:10:00;3,140000105;240,6000061;82,59999847;5,679999828;56,65999985;20,31999969;0;765,8599854;325,7600098;14,38000011
04-jul-23 11:15:00;2,670000076;236,8200073;82,55999756;5,099999905;56,65999985;20,30999947;0;765,8599854;332,2399902;14,46000004
04-jul-23 11:20:00;2,75999999;243,0399933;82,12000275;5,099999905;43,47999954;20,29000092;0;765,8400269;338,1799927;14,60999966
04-jul-23 11:25:00;3,019999981;246,6199951;81,87999725;5,980000019;23,63999939;20,30999947;0;765,8200073;344,2000122;14,72000027
04-jul-23 11:30:00;3,019999981;246,3999939;81,91999817;5,679999828;23,64999962;20,32999992;0;765,7999878;350,480011;14,71000004
04-jul-23 11:35:00;2,839999914;249,2400055;81,40000153;5,489999771;23,67000008;12,92000008;0;765,7999878;354,8200073;14,86999989
04-jul-23 11:40:00;1,720000029;270,7000122;80,72000122;3,819999933;23,65999985;11,86999989;0;765,7800293;359,8200073;15,11999989
04-jul-23 11:45:00;2,180000067;275,3200073;80,56999969;4,309999943;23,65999985;11,89000034;0;765,75;364,5799866;15,03999996
04-jul-23 11:50:00;1,730000019;265,8800049;80,76000214;4,309999943;23,63999939;11,89000034;0;765,6900024;369;15,06999969
04-jul-23 11:55:00;1,519999981;263,3999939;80,16000366;3,920000076;23,67000008;11,88000011;0;765,6300049;372,2200012;15,26000023
04-jul-23 12:00:00;1,169999957;275,980011;79,12999725;2,650000095;23,65999985;11,88000011;0;765,5800171;374,7999878;15,63000011
04-jul-23 12:05:00;1,789999962;292,7000122;77,37999725;2,839999914;23,67000008;11,89000034;0;765,5599976;377,8399963;15,75
04-jul-23 12:10:00;1,710000038;299,6400146;78,31999969;2,450000048;23,64999962;11,88000011;0;765,4699707;381,0599976;15,36999989
04-jul-23 12:15:00;1,210000038;294,3599854;77,38999939;2,25;23,67000008;11,88000011;0;765,3900146;383,9400024;15,61999989
04-jul-23 12:20:00;1,309999943;291,7799988;75,93000031;2,650000095;27,98999977;11,89000034;0;765,3699951;386,6799927;15,93999958
04-jul-23 12:25:00;1,809999943;292,7999878;73,73999786;2,74000001;34,45000076;11,89999962;0;765,3400269;389,1400146;16,22999954
04-jul-23 12:30:00;2,089999914;294,7399902;72,83000183;3,140000105;34,43000031;11,89999962;0;765,2999878;391,1199951;16,43000031
04-jul-23 12:35:00;1,929999948;300,5799866;72,76999664;2,839999914;34,45000076;15,51000023;0;765,2700195;391,9599915;16,39999962
04-jul-23 12:40:00;1,74000001;316,7799988;72,41000366;2,74000001;34,45999908;16;0;765,2299805;393,2399902;16,38999939
04-jul-23 12:45:00;1,700000048;202,5099945;70,23000336;3,039999962;34,43999863;16;0;765,2000122;394,1400146;16,94000053
04-jul-23 12:50:00;2,319999933;38,02000046;67,19000244;3,630000114;34,43999863;15,98999977;0;765,210022;395,3200073;17,10000038
04-jul-23 12:55:00;2,660000086;58,04999924;68,79000092;3,720000029;34,45000076;15,98999977;0;765,1900024;395,5;16,68000031
04-jul-23 13:00:00;2,119999886;59,86000061;68,41999817;3,430000067;34,45000076;15,98999977;0;765,1400146;394,3599854;16,73999977
04-jul-23 13:05:00;2,150000095;50,81999969;68,30999756;3,430000067;34,43999863;16;0;765,0999756;393,3800049;16,75
04-jul-23 13:10:00;1,980000019;43,93999863;69,58999634;3,230000019;34,43999863;15,98999977;0;765,0599976;392,1000061;16,76000023
04-jul-23 13:15:00;1,889999986;38,79000092;70,87999725;3,230000019;34,45000076;15,97999954;0;764,9799805;389,7600098;16,62999916
04-jul-23 13:20:00;1,600000024;43,06999969;70,81999969;2,650000095;33,36999893;15,97999954;0;764,9400024;389,6799927;16,94000053
04-jul-23 13:25:00;0,790000021;271,8399963;70,44000244;2,349999905;31,71999931;15,98999977;0;764,9199829;387,6000061;17,11000061
04-jul-23 13:30:00;1,169999957;280,1000061;70,13999939;2,839999914;31,70999908;16;0;764,8699951;386,7399902;17,13999939
04-jul-23 13:35:00;1,610000014;273,9400024;71,30999756;3,230000019;31,70999908;17,69000053;0;764,7999878;383,3399963;16,77000046
04-jul-23 13:40:00;1,779999971;273,2000122;72,37999725;3,920000076;31,71999931;17,94000053;0;764,7700195;379,9200134;16,54999924
04-jul-23 13:45:00;1,629999995;272,9599915;72,97000122;3,140000105;31,71999931;17,96999931;0;764,7399902;376,0799866;16,42000008
04-jul-23 13:50:00;1,350000024;273,1799927;72,02999878;2,839999914;31,71999931;17,95000076;0;764,710022;301,5799866;16,53000069
04-jul-23 13:55:00;1,529999971;278,480011;70,34999847;2,839999914;31,72999954;17,93000031;0;764,6500244;311,2399902;16,69000053
04-jul-23 14:00:00;1,629999995;277,0400085;69,62000275;2,940000057;31,71999931;17,92000008;0;764,6099854;367,5599976;16,77000046
04-jul-23 14:05:00;1,460000038;265,3800049;67,47000122;3,230000019;31,72999954;17,94000053;0;764,5800171;365,4200134;17,19000053
04-jul-23 14:10:00;1,700000048;237,1199951;65,76999664;3,720000029;31,72999954;17,95999908;0;764,539978;361,8200073;17,5
04-jul-23 14:15:00;1,950000048;238,1199951;66,73000336;3,230000019;31,72999954;17,93000031;0;764,4899902;356,519989;17,11000061
04-jul-23 14:20:00;2,029999971;240,1199951;68,80999756;3,819999933;32,52999878;17,93000031;0;764,5;352,4599915;17
04-jul-23 14:25:00;2,390000105;242,1600037;68,83999634;4,409999847;33,70000076;17,98999977;0;764,4799805;346,4400024;17
04-jul-23 14:30:00;2,390000105;239,5599976;68,61000061;5,289999962;33,72999954;17,96999931;0;764,4500122;340,7799988;16,80999947
04-jul-23 14:35:00;1,950000048;223,4199982;67,63999939;4,210000038;33,72999954;7,449999809;0;764,4199829;335,5799866;17
04-jul-23 14:40:00;2,25;222,4799957;67,40000153;4,409999847;33,72000122;5,960000038;0;764,3800049;329,5400085;16,90999985
04-jul-23 14:45:00;2,089999914;232,7200012;66,02999878;4,210000038;33,72000122;5,949999809;0;764,3300171;324;17,11000061
04-jul-23 14:50:00;2,420000076;231,6600037;65,13999939;5,099999905;33,70999908;5,949999809;0;764,3099976;317,7600098;17,31999969
04-jul-23 14:55:00;3;232,3800049;64,62999725;5,099999905;33,70999908;5,949999809;0;764,3099976;310,1000061;17,20999908
04-jul-23 15:00:00;2,349999905;245,8600006;64,41999817;4,309999943;33,70000076;5,960000038;0;764,2700195;303,7399902;17,32999992
04-jul-23 15:05:00;1,649999976;254,1999969;62,77999878;4,210000038;33,70999908;5,960000038;0;764,2399902;296,2200012;18,04000092
04-jul-23 15:10:00;2,089999914;241,8200073;62,15000153;4,510000229;33,72000122;5,960000038;0;764,2399902;288,6000061;18,12000084
04-jul-23 15:15:00;1,929999948;254,2400055;61,61999893;3,819999933;33,72999954;5,96999979;0;764,210022;281,1199951;18,22999954
04-jul-23 15:20:00;2,25999999;247,9600067;60,45000076;5;33,02999878;5,960000038;0;764,1900024;272,6199951;18,28000069
04-jul-23 15:25:00;2,160000086;248,1600037;59,86999893;5;31,96999931;5,96999979;0;764,1599731;265;18,15999985
04-jul-23 15:30:00;2,5;246,8600006;60,34999847;4,510000229;31,98999977;6;0;764,0999756;255,9600067;18,26000023
04-jul-23 15:35:00;2,369999886;247,5800018;60,88000107;4,800000191;31,97999954;10,98999977;0;764,039978;249,8200073;17,94000053
04-jul-23 15:40:00;2,150000095;244,4600067;59,09000015;4,510000229;31,97999954;11,68000031;0;764,0200195;241,6999969;18,07999992
04-jul-23 15:45:00;2,589999914;243,4400024;58,47000122;6,170000076;31,98999977;11,71000004;0;764,0100098;232,9400024;18,03000069
04-jul-23 15:50:00;2,49000001;233,1000061;58,18000031;6,079999924;31,97999954;11,68000031;0;764,0300293;224,1199951;17,98999977
04-jul-23 15:55:00;2,779999971;242,0599976;58,54000092;7,150000095;31,96999931;11,65999985;0;764,0499878;214,8999939;17,79999924
04-jul-23 16:00:00;1,850000024;238,6799927;59,04999924;4,699999809;31,98999977;11,67000008;0;764,039978;206,1799927;17,87999916
04-jul-23 16:05:00;1,659999967;224,6999969;57,38000107;4,119999886;31,97999954;11,65999985;0;764,0300293;197,9400024;18,05999947
04-jul-23 16:10:00;1,190000057;219,6799927;56,81000137;3,430000067;31,96999931;11,64999962;0;763,9799805;188,7200012;18,12999916
04-jul-23 16:15:00;1,419999957;236,4600067;56,65000153;2,74000001;31,97999954;11,65999985;0;763,9699707;179,4600067;18,29999924
04-jul-23 16:20:00;0,810000002;254,1799927;57,79999924;1,860000014;33,75;11,64000034;0;763,960022;169,8800049;18,31999969
04-jul-23 16:25:00;0,699999988;250,5;57,56999969;1,860000014;36,36999893;11,64999962;0;763,9500122;159,8600006;18,37999916
04-jul-23 16:30:00;1,320000052;253,3000031;56,41999817;3,039999962;36,38000107;11,65999985;0;763,9699707;150,0800018;18,5
04-jul-23 16:35:00;0,970000029;256,8800049;57,09999847;2,25;36,38000107;12,96000004;0;763,9500122;141,2799988;18,5
04-jul-23 16:40:00;1,519999981;249,1799927;56,90999985;2,839999914;36,38000107;13,14999962;0;763,9699707;131,9799957;18,28000069
04-jul-23 16:45:00;1,440000057;269,2799988;59,11999893;3,430000067;36,36999893;13,13000011;0;763,9699707;122,4800034;17,94000053
04-jul-23 16:50:00;0,839999974;299,5;58,47000122;2,349999905;36,38000107;13,15999985;0;763,960022;109,4000015;17,95000076
04-jul-23 16:55:00;1,320000052;311,7799988;57,22999954;2,549999952;36,36999893;13,17000008;0;763,9899902;104,2600021;18,04999924
04-jul-23 17:00:00;1,919999957;310,4599915;55,81000137;3,039999962;36,36999893;13,14999962;0;764;93,95999908;18,06999969
04-jul-23 17:05:00;1,610000014;292,7000122;56,09999847;2,940000057;36,38000107;13,10999966;0;763,9699707;87,77999878;17,93000031
04-jul-23 17:10:00;1,330000043;284,8999939;56,99000168;2,450000048;36,36999893;13,10999966;0;763,960022;79,08999634;17,75
04-jul-23 17:15:00;0,660000026;221,1600037;57,75999832;1,960000038;36,36999893;13,09000015;0;763,9400024;71,08999634;17,64999962
04-jul-23 17:20:00;0,74000001;206,0599976;58,25999832;1,669999957;43,43999863;13,06999969;0;763,9299927;62,36000061;17,45999908
04-jul-23 17:25:00;0,980000019;165,6799927;57,56999969;2,450000048;54;13,09000015;0;763,9299927;54,59000015;17,27000046
04-jul-23 17:30:00;1,590000033;192,5;57,20000076;2,450000048;54,00999832;13,10000038;0;763,9099731;45,56000137;17,31999969
04-jul-23 17:35:00;1,440000057;114,7699966;60,02999878;2,650000095;54;15,64000034;0;763,9099731;30,12000084;17,27000046
04-jul-23 17:40:00;2,220000029;44,15999985;64,87999725;4,019999981;53,99000168;15,97999954;0;763,9500122;11,48999977;16,80999947
04-jul-23 17:45:00;2,599999905;53,63999939;69,45999908;4,610000134;54;15,97999954;0;763,9400024;9,649999619;16,09000015
04-jul-23 17:50:00;2,549999952;55,63000107;71,83999634;4,510000229;54;15,97000027;0;763,960022;7,900000095;15,68999958
04-jul-23 17:55:00;2,910000086;59,77999878;73,61000061;4,510000229;54;15,97000027;0;763,9799805;6,170000076;15,42000008
04-jul-23 18:00:00;3,160000086;61,81000137;75,15000153;5;54;15,97000027;0;763,9699707;4,230000019;15,22000027
04-jul-23 18:05:00;3,109999895;60,75999832;75,94000244;4,900000095;53,99000168;15,97000027;0;763,9699707;2,460000038;15,09000015
04-jul-23 18:10:00;2,99000001;63,63999939;76,16000366;4,800000191;54;15,97000027;0;763,9400024;1,529999971;14,97999954
04-jul-23 18:15:00;3,690000057;60,43000031;77,23000336;5,980000019;54;15,93999958;0;763,9500122;0,870000005;14,86999989
04-jul-23 18:20:00;3,349999905;58,41999817;78,29000092;4,900000095;55,47000122;15,94999981;0;763,9799805;0,409999996;14,73999977
04-jul-23 18:25:00;3,390000105;60,63000107;78,94999695;4,900000095;57,63000107;15,97000027;0;764,0100098;0,129999995;14,64000034
04-jul-23 18:30:00;3,059999943;59,88999939;79,52999878;4,610000134;57,63000107;15,98999977;0;764,0200195;0,029999999;14,56999969
04-jul-23 18:35:00;2,599999905;58,66999817;80,06999969;4,019999981;57,63999939;14,72999954;0;764,0999756;0,01;14,5
04-jul-23 18:40:00;2,230000019;62,5;80,27999878;3,720000029;57,63000107;14,53999996;0;764,0599976;0;14,39999962
04-jul-23 18:45:00;1,440000057;71,91999817;80,37999725;2,349999905;57,63000107;14,52000046;0;764,0599976;0;14,34000015
04-jul-23 18:50:00;0,699999988;101,6600037;80,48000336;1,860000014;57,63999939;14,53999996;0;764,0999756;0;14,26000023
04-jul-23 18:55:00;0,800000012;119,0599976;80,58000183;1,75999999;57,63000107;14,53999996;0;764,1099854;0,01;14,21000004
04-jul-23 19:00:00;0,49000001;165,1199951;80,51999664;1,080000043;57,63000107;14,52999973;0;764,1199951;0,02;14,14000034
04-jul-23 19:05:00;0,75999999;166,9199982;80,5;1,179999948;57,63999939;14,5;0;764,1099854;0;14,09000015
04-jul-23 19:10:00;0,910000026;160;80;1,470000029;57,63999939;14,44999981;0;764,1400146;0;14,07999992
04-jul-23 19:15:00;1,190000057;161,2599945;79,5;1,669999957;57,63999939;14,43999958;0;764,2000122;0;13,97999954
04-jul-23 19:20:00;1,139999986;151,6799927;78,80999756;1,570000052;64,84999847;14,43999958;0;764,25;0;13,97999954
04-jul-23 19:25:00;1,399999976;147,7799988;78,08000183;1,960000038;75,63999939;14,46000004;0;764,289978;0;13,93000031
04-jul-23 19:30:00;1,080000043;142,0200043;77,58999634;1,669999957;75,63999939;14,47000027;0;764,3300171;0;13,89000034
04-jul-23 19:35:00;0,829999983;122,3799973;77,19000244;1,470000029;75,65000153;15,52999973;0;764,3400269;0;13,81999969
04-jul-23 19:40:00;0,529999971;105,9599991;77,30000305;0,779999971;75,65000153;15,67000008;0;764,3599854;0;13,56999969
04-jul-23 19:45:00;0,49000001;128,4600067;77,79000092;0,779999971;75,65000153;15,69999981;0;764,3900146;0;13,40999985
04-jul-23 19:50:00;0,629999995;98,72000122;77,98000336;0,879999995;75,65000153;15,72999954;0;764,3900146;0;13,27000046
04-jul-23 19:55:00;0,140000001;93,51999664;78,40000153;0,49000001;75,65000153;15,73999977;0;764,3900146;0;13,09000015
04-jul-23 20:00:00;0,07;47,95999908;78,63999939;0,389999986;75,65000153;15,75;0;764,4299927;0;12,97999954
04-jul-23 20:05:00;0,140000001;66,81999969;79,15000153;0,49000001;75,62999725;15,75;0;764,4799805;0,01;12,89999962
04-jul-23 20:10:00;0;0;79,25;0;75,66000366;15,75;0;764,4699707;0,02;12,77999973
04-jul-23 20:15:00;0,360000014;47,38000107;79,41000366;0,779999971;75,66999817;15,72000027;0;764,4099731;0,01;12,71000004
04-jul-23 20:20:00;0,649999976;73,04000092;79,69000244;0,980000019;79,16000366;15,71000004;0;764,4099731;0;12,56999969
04-jul-23 20:25:00;1,070000052;71,11000061;80,09999847;1,269999981;84,37999725;15,72000027;0;764,4000244;0;12,51000023
04-jul-23 20:30:00;0,589999974;61,59000015;79,93000031;1,080000043;84,40000153;15,72000027;0;764,4500122;0;12,51000023
04-jul-23 20:35:00;0,870000005;60,02000046;79,93000031;1,179999948;84,40000153;30,06999969;0;764,5100098;0;12,44999981
04-jul-23 20:40:00;0,660000026;50,49000168;80,08999634;0,980000019;84,40000153;32,02999878;0;764,6099854;0;12,34000015
04-jul-23 20:45:00;0,50999999;27,52000046;80,16000366;0,689999998;84,40000153;32,00999832;0;764,6400146;0;12,27999973
04-jul-23 20:50:00;0,310000002;23,82999992;80,22000122;0,689999998;84,40000153;32,04000092;0;764,6400146;0;12,19999981
04-jul-23 20:55:00;0,209999993;92,26000214;80,77999878;0,689999998;84,40000153;32,04999924;0;764,6400146;0;12,11999989
04-jul-23 21:00:00;0,330000013;126,5400009;81,04000092;0,689999998;84,40000153;32,04000092;0;764,6500244;0;12,32999992
04-jul-23 21:05:00;0,209999993;134,1600037;80,27999878;0,589999974;84,40000153;32,02000046;0;764,7000122;0;12,42000008
04-jul-23 21:10:00;0,670000017;219,9199982;80,77999878;0,980000019;84,40000153;32,02000046;0;764,75;0;12,31000042
04-jul-23 21:15:00;0,5;273,3200073;80,87999725;0,980000019;84,40000153;32,02000046;0;764,8200073;0;12,30000019
04-jul-23 21:20:00;0,140000001;309,5;81,54000092;0,49000001;84,48000336;32,00999832;0;764,8300171;0;12,17000008
04-jul-23 21:25:00;0,219999999;73,29000092;82,08000183;1,080000043;84,59999847;32,02999878;0;764,8400269;0;12,03999996
04-jul-23 21:30:00;0,039999999;132,1000061;82,26000214;0,289999992;84,59999847;32,04999924;0;764,9099731;0;11,85999966
04-jul-23 21:35:00;0,050000001;65,63999939;82,59999847;0,389999986;84,59999847;31,62000084;0;764,9000244;0;11,71000004
04-jul-23 21:40:00;0,039999999;12,22999954;83,05999756;0,49000001;84,59999847;31,55999947;0;764,8499756;0;11,60999966
04-jul-23 21:45:00;0,270000011;70,36000061;83,77999878;0,589999974;84,59999847;31,53000069;0;764,7999878;0;11,60999966
04-jul-23 21:50:00;0,039999999;29,97999954;83,51999664;0,389999986;84,59999847;31,54000092;0;764,8300171;0;11,53999996
04-jul-23 21:55:00;0,079999998;57,11999893;83,90000153;0,389999986;84,59999847;31,54999924;0;764,8699951;0;11,42000008
04-jul-23 22:00:00;0,349999994;41,68999863;84,18000031;0,980000019;84,59999847;31,54000092;0;764,8300171;0;11,46000004
04-jul-23 22:05:00;0,879999995;77,37000275;83,95999908;1,080000043;84,59999847;31,54000092;0;764,8099976;0;11,35999966
04-jul-23 22:10:00;1,149999976;84,08999634;83,86000061;1,370000005;84,59999847;31,53000069;0;764,789978;0;11,38000011
04-jul-23 22:15:00;1,100000024;79,69000244;83,45999908;1,370000005;84,59999847;31,54000092;0;764,789978;0;11,47000027
04-jul-23 22:20:00;0,540000021;74,62000275;82,94000244;0,980000019;87,48000336;31,53000069;0;764,7700195;0;11,48999977
04-jul-23 22:25:00;0,300000012;58,25;82,86000061;0,589999974;91,66000366;31,54000092;0;764,7700195;0;11,42000008
04-jul-23 22:30:00;0,409999996;91,51000214;82,73999786;0,879999995;91,68000031;31,54999924;0;764,7800293;0;11,35000038
04-jul-23 22:35:00;0,239999995;132,8200073;82,95999908;0,689999998;91,69999695;39,09999847;0;764,7999878;0;11,22999954
04-jul-23 22:40:00;0,02;95,04000092;83,16000366;0,289999992;91,69999695;40,11999893;0;764,8200073;0;11,25
04-jul-23 22:45:00;0,07;9,640000343;83,23999786;0,389999986;91,69999695;40,13999939;0;764,8499756;0;11,15999985
04-jul-23 22:50:00;0,25;67,13999939;83,5;0,689999998;91,69999695;40,02999878;0;764,8599854;0;11,10999966
04-jul-23 22:55:00;0,670000017;83,44000244;83,44000244;0,980000019;91,69999695;40,00999832;0;764,9199829;0;11,14000034
04-jul-23 23:00:00;0,980000019;70,58000183;83,63999939;1,269999981;91,69999695;40,00999832;0;764,9899902;0;11,09000015
04-jul-23 23:05:00;0,889999986;86,12999725;83,73999786;1,269999981;91,69999695;40;0;765,0300293;0;11,13000011
04-jul-23 23:10:00;0,189999998;108,4199982;83,66000366;0,589999974;91,68000031;40,02999878;0;765,0700073;0;11,06999969
04-jul-23 23:15:00;0,01;52,08000183;83,86000061;0,289999992;91,68000031;40,13999939;0;765,0599976;0;11,01000023
04-jul-23 23:20:00;0,769999981;18,39999962;84,26000214;1,080000043;90,54000092;40,11000061;0;765,0499878;0;10,97999954
04-jul-23 23:25:00;0,569999993;26,94000053;84,12000275;0,879999995;88,69999695;40,13999939;0;765;0;10,85000038
04-jul-23 23:30:00;0,129999995;20,87000084;84,31999969;0,49000001;88,69999695;40,15000153;0;764,9699707;0;10,72000027
04-jul-23 23:35:00;0;0;84,40000153;0;88,69999695;46,34000015;0;764,960022;0;10,59000015
04-jul-23 23:45:00;0,140000001;58,79999924;84,76000214;0,589999974;88,69999695;47,13999939;0;764,9899902;0;10,36999989
05-jul-23 00:00:00;0,100000001;90,73999786;85,40000153;0,49000001;88,69999695;47,13000107;0;765,0700073;0;10,15999985
05-jul-23 00:05:00;0;0;85,90000153;0;88,69999695;47,13000107;0;765,0700073;0;10,27000046
05-jul-23 00:10:00;0;0;85,5;0;88,69999695;47,13000107;0;765,0700073;0;10,31000042
05-jul-23 00:15:00;0,050000001;106,8199997;85,45999908;0,289999992;88,69999695;47,11999893;0;765,0599976;0;10,07999992
05-jul-23 00:20:00;0,039999999;53,04000092;85,94000244;0,589999974;83,76999664;47,13000107;0;765,0200195;0;10,05000019
05-jul-23 00:25:00;0,829999983;113,1999969;86,05999756;1,179999948;76,37999725;47,13999939;0;765,0100098;0;10,02999973
05-jul-23 00:30:00;0,409999996;92,63999939;86,18000031;1,080000043;76,37000275;47,15999985;0;765,0599976;0;9,920000076
05-jul-23 00:35:00;0,330000013;71,86000061;86,30000305;0,980000019;76,37999725;34,97000122;0;765,0800171;0;9,840000153
05-jul-23 00:40:00;0,25;50,41999817;86,55999756;0,779999971;76,38999939;33,31999969;0;765,0700073;0,01;9,819999695
05-jul-23 00:45:00;0,540000021;95,51999664;86,36000061;0,879999995;76,37999725;33,31000137;0;765,0700073;0;9,819999695
05-jul-23 00:50:00;0,219999999;67,33999634;86,16000366;0,689999998;76,37999725;33,31999969;0;765,1400146;0;9,75
05-jul-23 00:55:00;0,129999995;38,06000137;86,22000122;0,589999974;76,38999939;33,33000183;0;765,1599731;0;9,720000267
05-jul-23 01:00:00;0;0;86,62000275;0;76,38999939;33,33000183;0;765,1900024;0;9,75
05-jul-23 01:05:00;0,050000001;2,809999943;86,80000305;0,589999974;76,37000275;33,34000015;0;765,2000122;0;9,949999809
05-jul-23 01:10:00;0,980000019;9,899999619;86,37999725;1,370000005;76,37999725;33,33000183;0;765,1199951;0;10,02000046
05-jul-23 01:15:00;1,570000052;28,18000031;86,30000305;1,75999999;76,37000275;33,31000137;0;765,0300293;0;9,899999619
05-jul-23 01:20:00;1,299999952;38,65000153;86,63999939;1,75999999;74,83000183;33,34000015;0;765,0100098;0;9,949999809
05-jul-23 01:25:00;1,470000029;36,43999863;86,63999939;1,960000038;72,47000122;33,36999893;0;764,9500122;0;10,11999989
05-jul-23 01:30:00;1,070000052;29,15999985;86,45999908;1,470000029;72,47000122;33,38999939;0;764,9799805;0,01;10,31999969
05-jul-23 01:35:00;0,519999981;61,86999893;86,30000305;1,269999981;72,45999908;36;0;765,0499878;0;10,30000019
05-jul-23 01:40:00;1,220000029;195,8000031;86,94000244;1,860000014;72,44999695;36,36999893;0;765,0800171;0,01;10,25
05-jul-23 01:45:00;1,419999957;190,5399933;86,68000031;1,960000038;72,48000336;36,36000061;0;765,1500244;0;10,42000008
05-jul-23 01:50:00;0,899999976;182,1799927;86,31999969;1,570000052;72,45999908;36,38000107;0;765,1300049;0;10,43999958
05-jul-23 01:55:00;0,600000024;150;85,68000031;1,080000043;72,47000122;36,38000107;0;765,1199951;0;10,34000015
05-jul-23 02:00:00;0,49000001;52,43000031;85,72000122;0,779999971;72,47000122;36,40999985;0;765,0999756;0;9,989999771
05-jul-23 02:05:00;0,620000005;19,65999985;86,08000183;0,980000019;72,47000122;36,43000031;0;765,0999756;0;9,880000114
05-jul-23 02:10:00;0,5;40,72999954;86,18000031;0,779999971;72,47000122;36,43999863;0;765,0800171;0;9,739999771
05-jul-23 02:15:00;0,50999999;50,95999908;86,44000244;0,779999971;72,48000336;36,43999863;0;765,0700073;0;9,590000153
05-jul-23 02:20:00;0,349999994;71,05000305;86,58000183;0,779999971;62,91999817;36,45000076;0;765,0300293;0;9,550000191
05-jul-23 02:25:00;0,050000001;34,70000076;86,91999817;0,289999992;48,58000183;36,5;0;765,0100098;0;9,529999733
05-jul-23 02:30:00;0,239999995;65,72000122;86,55999756;0,689999998;48,59000015;36,54000092;0;765,0200195;0,01;9,479999542
05-jul-23 02:35:00;0,360000014;101,5199966;86,62000275;0,49000001;48,59000015;22,55999947;0;765,0300293;0;9,359999657
05-jul-23 02:40:00;0,569999993;117,2799988;86,63999939;0,779999971;48,56999969;20,65999985;0;765,0200195;0;9,260000229
05-jul-23 02:45:00;0,600000024;119,7200012;86,76000214;0,980000019;48,59000015;20,65999985;0;765,0200195;0;9,140000343
05-jul-23 02:50:00;0,419999987;129,8000031;86,80000305;0,689999998;48,59000015;20,65999985;0;765,0599976;0;9,050000191
05-jul-23 02:55:00;0,550000012;105,7799988;87,13999939;0,779999971;48,59000015;20,67000008;0;765,0200195;0;9,010000229
05-jul-23 03:00:00;0,370000005;93;87,08000183;0,779999971;48,59000015;20,67000008;0;765,0200195;0;9,069999695
05-jul-23 03:05:00;0,090000004;67,48000336;87,08000183;0,389999986;48,59999847;20,68000031;0;765,0200195;0;9,06000042
05-jul-23 03:10:00;0,059999999;49,38000107;86,87999725;0,289999992;48,59000015;20,67000008;0;765,0200195;0;9,06000042
05-jul-23 03:15:00;0,389999986;80,12999725;87;0,589999974;48,59000015;20,65999985;0;765,0300293;0;9,029999733
05-jul-23 03:20:00;0,379999995;92,18000031;87,16000366;0,589999974;45,18000031;20,65999985;0;765,0100098;0;9,020000458
05-jul-23 03:25:00;0,400000006;84,66000366;86,94000244;0,589999974;40,02999878;20,67000008;0;765,0200195;0;9,039999962
05-jul-23 03:30:00;0,400000006;110,5400009;87,23999786;0,589999974;40,02999878;20,68000031;0;765,0100098;0;9,029999733
05-jul-23 03:35:00;0,360000014;143,8600006;86,95999908;0,589999974;40,04000092;17,5;0;765,0499878;0;8,930000305
05-jul-23 03:40:00;0;0;87,58000183;0;40,02000046;17,05999947;0;765,0499878;0;8,930000305
05-jul-23 03:45:00;0;0;87,45999908;0;40,02999878;17,04999924;0;765,0599976;0;8,989999771
05-jul-23 03:50:00;0,200000003;21,61000061;87,12000275;0,589999974;40,02999878;17,05999947;0;765,0200195;0;9
05-jul-23 03:55:00;0,889999986;53,86999893;87,66000366;1,669999957;40,02000046;17,04999924;0;764,9699707;0;8,890000343
05-jul-23 04:00:00;1,75;47,43999863;88,13999939;2,160000086;40,04000092;17,04999924;0;764,9299927;0;9,029999733
05-jul-23 04:05:00;1,659999967;41,95000076;88,58000183;2,160000086;40,04000092;17,04999924;0;764,9500122;0;9,260000229
05-jul-23 04:10:00;1,120000005;46,06999969;88,33999634;1,75999999;40,02999878;17,04999924;0;764,9299927;0;9,390000343
05-jul-23 04:15:00;1,309999943;36,22999954;88,44000244;1,960000038;40,02999878;17,04999924;0;764,8900146;0;9,380000114
05-jul-23 04:20:00;1,320000052;29,28000069;88,5;1,960000038;37,61999893;17,04999924;0;764,9000244;0;9,369999886
05-jul-23 04:25:00;0,569999993;24,44000053;88,26000214;1,370000005;33,95000076;17,06999969;0;764,8699951;0;9,329999924
05-jul-23 04:30:00;1,350000024;45,63000107;88,81999969;2,450000048;33,93999863;17,06999969;0;764,7999878;0;9,289999962
05-jul-23 04:35:00;0,389999986;44;88,48000336;1,370000005;33,97000122;19,82999992;0;764,7999878;0;9,340000153
05-jul-23 04:40:00;0,109999999;124,1600037;88,91999817;0,589999974;33,95999908;20,20999908;0;764,7800293;0;9,170000076
05-jul-23 04:45:00;0,039999999;122,2200012;88,86000061;0,289999992;33,95999908;20,20000076;0;764,7600098;0;9,159999847
05-jul-23 04:50:00;0;0;89,01999664;0;33,97000122;20,20999908;0;764,7299805;0;9,06000042
05-jul-23 04:55:00;0;0;89,27999878;0;33,95000076;20,20000076;0;764,7000122;0;8,989999771
05-jul-23 05:00:00;0;0;88,83999634;0;33,95999908;20,20999908;0;764,7000122;0;9
05-jul-23 05:05:00;0;0;89,08000183;0;33,95000076;20,20999908;0;764,6099854;0;8,720000267
05-jul-23 05:10:00;0,409999996;93,73999786;89,19999695;0,980000019;33,97000122;20,20999908;0;764,5499878;0;8,489999771
05-jul-23 05:15:00;0,720000029;96,37999725;89,45999908;0,980000019;33,97000122;20,20999908;0;764,5100098;0;8,350000381
05-jul-23 05:20:00;0,870000005;86,41000366;89,58000183;1,080000043;34,27000046;20,20999908;0;764,4899902;0;8,260000229
05-jul-23 05:25:00;0,74000001;59,49000168;90;1,179999948;34,68999863;20,21999931;0;764,4899902;0;8,270000458
05-jul-23 05:30:00;0,419999987;64,77999878;89,73999786;0,689999998;34,66999817;20,21999931;0;764,4500122;0;8,319999695
05-jul-23 05:35:00;0,819999993;83,16999817;89,90000153;1,080000043;34,68000031;19,57999992;0;764,4000244;0;8,100000381
05-jul-23 05:40:00;0,850000024;75,37999725;89,98000336;1,179999948;34,68000031;19,48999977;0;764,3599854;0;8,050000191
05-jul-23 05:45:00;0,839999974;90,65000153;90,18000031;1,370000005;34,68999863;19,47999954;0;764,4000244;0;8,020000458
05-jul-23 05:50:00;0,829999983;108,7200012;90,33999634;1,179999948;34,66999817;19,47999954;0;764,3900146;0;8,020000458
05-jul-23 05:55:00;0,860000014;99,63999939;90,40000153;1,370000005;34,68999863;19,48999977;0;764,3499756;0;8,039999962
05-jul-23 06:00:00;0,519999981;80,48999786;90,23999786;0,779999971;34,68999863;19,47999954;0;764,25;0;8,029999733
05-jul-23 06:05:00;0,519999981;48,06999969;90,37999725;0,779999971;34,68999863;19,47999954;0;764,2299805;0;7,989999771
05-jul-23 06:10:00;0,439999998;45,97000122;90,19999695;0,689999998;34,68999863;19,47999954;0;764,2199707;0;7,940000057
05-jul-23 06:15:00;0,449999988;32,74000168;90,40000153;1,179999948;34,68999863;19,46999931;0;764,2399902;0;7,889999866
05-jul-23 06:20:00;0,850000024;54,20000076;90,40000153;1,269999981;36,34999847;19,46999931;0;764,2000122;0;7,849999905
05-jul-23 06:25:00;0,01;9,81000042;90,31999969;0,200000003;38,79999924;19,47999954;0;764,2000122;0;7,760000229
05-jul-23 06:30:00;0;0;90,76000214;0;38,79999924;19,47999954;0;764,1900024;0;7,739999771
05-jul-23 06:35:00;0,170000002;78,01000214;90,63999939;0,589999974;38,81000137;15,25;0;764,1799927;0;7,889999866
05-jul-23 06:40:00;0,310000002;38,15000153;90,77999878;0,779999971;38,79999924;14,67000008;0;764,1400146;0,01;7,800000191
05-jul-23 06:45:00;0,209999993;63,84000015;90,68000031;0,689999998;38,79999924;14,65999985;0;764,0999756;0;7,880000114
05-jul-23 06:50:00;0,189999998;41,38000107;90,86000061;0,589999974;38,81000137;14,65999985;0;764,0999756;0;7,840000153
05-jul-23 06:55:00;0,409999996;49,5;90,36000061;0,779999971;38,81000137;14,65999985;0;764,039978;0;7,940000057
05-jul-23 07:00:00;0,330000013;37,77999878;90,19999695;0,980000019;38,81000137;14,67000008;0;764,0999756;0;7,710000038
05-jul-23 07:05:00;0,059999999;7,909999847;90,41999817;0,389999986;38,81000137;14,65999985;0;764,1400146;0;7,559999943
05-jul-23 07:10:00;0,270000011;55,38000107;90,26000214;0,589999974;38,81999969;14,65999985;0;764,1500244;0,01;7,519999981
05-jul-23 07:15:00;0;0;90,19999695;0;38,83000183;14,67000008;0;764,210022;0,02;7,420000076
05-jul-23 07:20:00;0,119999997;10,11999989;90,26000214;0,589999974;36,59999847;14,67000008;0;764,2700195;0,079999998;7,289999962
05-jul-23 07:25:00;0,370000005;23,80999947;90,40000153;0,589999974;33,22000122;14,68000031;0;764,289978;0,319999993;7,25
05-jul-23 07:30:00;0,540000021;27,40999985;90,58000183;0,879999995;33,20999908;14,68999958;0;764,3200073;0,730000019;7,440000057
05-jul-23 07:35:00;0,170000002;29,57999992;90,45999908;0,689999998;33,20999908;17,64999962;0;764,3099976;1,25999999;7,460000038
05-jul-23 07:40:00;0,75999999;86,13999939;90,51999664;0,879999995;33,22000122;18,04000092;0;764,2999878;1,940000057;7,449999809
05-jul-23 07:45:00;0,189999998;56,93999863;90,51999664;0,689999998;33,22999954;18,04000092;0;764,2700195;2,849999905;7,570000172
05-jul-23 07:50:00;0,170000002;31,67000008;90,36000061;0,689999998;33,22999954;18,04000092;0;764,2199707;4,170000076;7,53000021
05-jul-23 07:55:00;0,49000001;66,87999725;90,91999817;0,779999971;33,22000122;18,03000069;0;764,2800293;5,730000019;7,650000095
05-jul-23 08:00:00;0;0;90,5;0;33,20999908;18,03000069;0;764,2999878;8,470000267;8,020000458
05-jul-23 08:05:00;0;0;90,23999786;0;33,22000122;18,04000092;0;764,289978;11,10000038;7,980000019
05-jul-23 08:10:00;0,379999995;264,8200073;90,37999725;0,779999971;33,22000122;18,04000092;0;764,289978;14,63000011;7,960000038
05-jul-23 08:15:00;0,370000005;188,5599976;90,37999725;0,980000019;33,22999954;18,03000069;0;764,2700195;32,38000107;8,159999847
05-jul-23 08:20:00;0;0;90,41999817;0;36,06000137;18,03000069;0;764,2800293;44,70000076;8,350000381
05-jul-23 08:25:00;0,430000007;96,83999634;90,08000183;0,779999971;40,25999832;18,04000092;0;764,2600098;53,45999908;8,510000229
05-jul-23 08:30:00;0,310000002;205,2400055;90,51999664;0,589999974;40,25;18,04999924;0;764,3099976;62,09000015;8,899999619
05-jul-23 08:35:00;0;0;90,12000275;0;40,25;17,84000015;0;764,2999878;66,62999725;9,579999924
05-jul-23 08:40:00;0;0;89,36000061;0;40,24000168;17,80999947;0;764,2999878;78,58000183;10,14999962
05-jul-23 08:45:00;0,050000001;10,06999969;87,80000305;0,389999986;40,25;17,77000046;0;764,3499756;87,54000092;10,56000042
05-jul-23 08:50:00;0,039999999;62,95999908;86,37999725;0,289999992;40,25999832;17,78000069;0;764,3800049;94,41999817;10,77999973
05-jul-23 08:55:00;0;0;85,86000061;0;40,27000046;17,79999924;0;764,4299927;102,0999985;10,94999981
05-jul-23 09:00:00;0,270000011;142,2599945;84,44000244;0,779999971;40,27000046;17,79000092;0;764,4400024;110,5;11,35000038
05-jul-23 09:05:00;0,330000013;262,6199951;83,81999969;0,589999974;40,27999878;17,79999924;0;764,4899902;117,6399994;11,44999981
05-jul-23 09:10:00;0,300000012;253,8200073;82,69999695;0,589999974;40,27999878;17,80999947;0;764,5100098;127,0999985;11,65999985
05-jul-23 09:15:00;0;0;82,72000122;0;40,27999878;17,80999947;0;764,539978;135,9400024;12,07999992
05-jul-23 09:20:00;0,150000006;19,12000084;80,27999878;0,689999998;48,36999893;17,79999924;0;764,5800171;145,4600067;12,78999996
05-jul-23 09:25:00;0,649999976;22,54999924;78,65000153;1,269999981;60,45999908;17,81999969;0;764,539978;155,2200012;13,18999958
05-jul-23 09:30:00;0,889999986;25,14999962;77,05999756;1,860000014;60,47999954;17,80999947;0;764,5300293;115,0400009;13,55000019
05-jul-23 09:35:00;1,570000052;28,52000046;76,06999969;2,349999905;60,49000168;24,67000008;0;764,5200195;159,3999939;13,48999977
05-jul-23 09:40:00;1,779999971;34,27000046;76,37000275;2,450000048;60,49000168;25,57999992;0;764,539978;181,9400024;13,43999958
05-jul-23 09:45:00;1,460000038;34,79999924;76,48000336;2,450000048;60,49000168;25,55999947;0;764,6099854;191,1999969;13,5
05-jul-23 09:50:00;1,389999986;35,18000031;75,69000244;2,450000048;60,47999954;25,56999969;0;764,6500244;201,0599976;13,72000027
05-jul-23 09:55:00;1,629999995;39,74000168;75,33999634;2,450000048;60,47999954;25,56999969;0;764,6599731;210,3600006;13,80000019
05-jul-23 10:00:00;1,840000033;44,59999847;74,98999786;2,839999914;60,49000168;25,55999947;0;764,7000122;218,1000061;13,80000019
05-jul-23 10:05:00;1,879999995;44,70000076;75,08999634;2,940000057;60,49000168;25,55999947;0;764,6900024;227,5599976;13,76000023
05-jul-23 10:10:00;1,970000029;32,97000122;74,52999878;3,230000019;60,47999954;25,54000092;0;764,7399902;236,2400055;13,85999966
05-jul-23 10:15:00;2,210000038;41,93999863;74,41999817;3,039999962;60,49000168;25,54999924;0;764,7399902;244,9199982;13,77999973
05-jul-23 10:20:00;2,079999924;42,97999954;74,29000092;3,230000019;62,06999969;25,53000069;0;764,7000122;253,5;13,77000046
05-jul-23 10:25:00;1,649999976;38,77999878;73,90000153;3,039999962;64,40000153;25,52000046;0;764,6599731;261,7600098;13,93999958
05-jul-23 10:30:00;1,370000005;47,25;72,94000244;2,650000095;64,40000153;25,45000076;0;764,6900024;270,5400085;14,18999958
05-jul-23 10:35:00;1,370000005;43,04000092;72,97000122;1,960000038;64,41999817;24,48999977;0;764,7399902;277,8800049;14,18000031
05-jul-23 10:40:00;1,200000048;19,63999939;72,05000305;1,860000014;64,41000366;24,31999969;0;764,7999878;285,4400024;14,36999989
05-jul-23 10:45:00;0,889999986;10,21000004;71,30000305;1,470000029;64,41000366;24,28000069;0;764,789978;293,519989;14,68999958
05-jul-23 10:50:00;1,059999943;144,6999969;70,33999634;1,860000014;64,41000366;24,26000023;0;764,7999878;302,5400085;14,85000038
05-jul-23 10:55:00;0,479999989;319,2200012;69,37999725;1,179999948;64,41999817;24,25;0;764,8599854;308,5;15,01000023
05-jul-23 11:00:00;0,889999986;147,1000061;68,62999725;2,059999943;64,41999817;24,25;0;764,8200073;309,6199951;15,14000034
05-jul-23 11:05:00;0,600000024;343,8800049;67,83999634;1,75999999;64,41000366;24,23999977;0;764,75;317,5;15,38000011
05-jul-23 11:10:00;0,889999986;321,3399963;67,16999817;1,269999981;64,41999817;24,22999954;0;764,7299805;319,6000061;15,57999992
05-jul-23 11:15:00;0,430000007;254,5800018;68,16999817;1,470000029;64,41999817;24,23999977;0;764,75;323,0599976;15,63000011
05-jul-23 11:20:00;0,790000021;273,5400085;68,66999817;1,860000014;62,20000076;24,22999954;0;764,710022;331,2999878;15,68000031
05-jul-23 11:25:00;0,730000019;280,5400085;69,25;1,370000005;58,79999924;24,28000069;0;764,6599731;333,7799988;15,26000023
05-jul-23 11:30:00;0,560000002;254,4600067;69,16000366;1,570000052;58,81000137;24,28000069;0;764,6199951;337,6000061;15,19999981
05-jul-23 11:35:00;0,589999974;223,0200043;68,91999817;1,470000029;58,81000137;20,82999992;0;764,5499878;354,2600098;15,27999973
05-jul-23 11:40:00;0,819999993;239,5399933;69,02999878;2,059999943;58,81000137;20,36000061;0;764,460022;352,1000061;15,28999996
05-jul-23 11:45:00;1,440000057;249,7599945;68,45999908;3,230000019;58,81000137;20,34000015;0;764,4400024;368,519989;15,56999969
05-jul-23 11:50:00;1,340000033;265,3599854;67,69000244;2,74000001;58,83000183;20,31999969;0;764,4000244;367,3599854;15,51000023
05-jul-23 11:55:00;1,190000057;257,3800049;67,62999725;2,349999905;58,81999969;20,30999947;0;764,3499756;371,3800049;15,60999966
05-jul-23 12:00:00;0,730000019;259,7600098;67,19000244;1,75999999;58,81000137;20,31999969;0;764,3499756;376;15,84000015
05-jul-23 12:05:00;1,139999986;236,7200012;66,84999847;1,960000038;58,81000137;20,31999969;0;764,2999878;374,2799988;15,81999969
05-jul-23 12:10:00;0,730000019;237,0599976;68,55999756;2,160000086;58,81000137;20,31999969;0;764,289978;379,5799866;15,77999973
05-jul-23 12:15:00;1,610000014;276,480011;67,23000336;2,839999914;58,81999969;20,31999969;0;764,2399902;384,5400085;16,11000061
05-jul-23 12:20:00;0,899999976;281,1400146;66,87000275;2,650000095;59,59999847;20,31999969;0;764,1699829;378,5799866;16,21999931
05-jul-23 12:25:00;0,810000002;281,8999939;65,87999725;2,059999943;60,68999863;20,32999992;0;764,0800171;389,2200012;16,48999977
05-jul-23 12:30:00;0,839999974;297,8800049;64,45999908;1,960000038;60,65999985;20,34000015;0;764,0499878;387,1799927;16,89999962
05-jul-23 12:35:00;1,289999962;266,1600037;64,38999939;2,940000057;60,68999863;15,01000023;0;764,0300293;378,8800049;16,76000023
05-jul-23 12:40:00;1,450000048;266,980011;64,62000275;3,630000114;60,72999954;14,30000019;0;763,9899902;391,3200073;16,35000038
05-jul-23 12:45:00;1,769999981;276,519989;64,15000153;3,720000029;60,72000122;14,28999996;0;763,9299927;388,8200073;15,97999954
05-jul-23 12:50:00;1,649999976;278,6600037;63,00999832;3,630000114;60,72000122;14,27999973;0;763,9199829;394,7999878;15,68000031
05-jul-23 12:55:00;2,130000114;272,7999878;62,72999954;3,819999933;60,74000168;14,27999973;0;763,9299927;384,3800049;15,72000027
05-jul-23 13:00:00;2,059999943;281,2999878;63,86000061;3,430000067;60,72000122;14,28999996;0;763,9099731;389,7399902;15,75
05-jul-23 13:05:00;2,220000029;278,8200073;66,01000214;4,019999981;60,70999908;14,28999996;0;763,8300171;384,4400024;15,78999996
05-jul-23 13:10:00;2,130000114;287,8399963;67,88999939;3,230000019;60,72999954;14,27999973;0;763,789978;389,3800049;15,63000011
05-jul-23 13:15:00;1,899999976;280,5;68,76999664;3,329999924;60,72999954;14,27999973;0;763,75;394;15,46000004
05-jul-23 13:20:00;1,830000043;279;69,43000031;3,140000105;52,56000137;14,27000046;0;763,7600098;391,1199951;15,60000038
05-jul-23 13:25:00;1,659999967;274,5400085;69,16999817;3,140000105;40,27999878;14,28999996;0;763,710022;376,8800049;15,98999977
05-jul-23 13:30:00;1,700000048;277,7200012;68,56999969;3,230000019;40,27999878;14,30000019;0;763,5599976;365,3599854;16,25
05-jul-23 13:35:00;1,50999999;261,480011;66,19999695;3,430000067;40,27999878;10,64000034;0;763,4500122;363,3399963;16,47999954
05-jul-23 13:40:00;1,610000014;259,9200134;62,56000137;3,230000019;40,27999878;10,17000008;0;763,3900146;355,1199951;16,89999962
05-jul-23 13:45:00;1,379999995;277,5799866;62,77999878;3,039999962;40,29000092;10,14999962;0;763,3200073;343,1799927;17,02000046
05-jul-23 13:50:00;1,75999999;286;63,81999969;2,74000001;40,27999878;10,13000011;0;763,2600098;282,2999878;16,75
05-jul-23 13:55:00;1,529999971;280,8999939;65,43000031;2,549999952;40,27999878;10,14999962;0;763,2000122;303,7399902;16,5
05-jul-23 14:00:00;1,700000048;288,3399963;66,58000183;2,650000095;40,27999878;10,14000034;0;763,1199951;319,2000122;16,55999947
05-jul-23 14:05:00;1,690000057;294,2200012;66,80000305;2,349999905;40,27999878;10,14000034;0;763,0599976;339,2999878;16,46999931
05-jul-23 14:10:00;1,350000024;290,2399902;65,13999939;2,25;40,27999878;10,14999962;0;763,0100098;326,8999939;16,70999908
05-jul-23 14:15:00;1,320000052;290,1199951;63,31000137;2,160000086;40,29000092;10,14000034;0;762,9799805;329,4599915;16,89999962
05-jul-23 14:20:00;1,169999957;292,8200073;62,86000061;1,960000038;36,22000122;10,13000011;0;762,960022;339,5599976;17,01000023
05-jul-23 14:25:00;1,279999971;288,2200012;61,11000061;2,549999952;30,02000046;10,15999985;0;762,9000244;325,6199951;17,31999969
05-jul-23 14:30:00;1,320000052;293,8999939;58,36000061;2,25;30,03000069;10,17000008;0;762,8599854;321,6000061;17,62999916
05-jul-23 14:35:00;1,389999986;278,8399963;57;2,160000086;30,03000069;13,64000034;0;762,8400269;299,1400146;17,69000053
05-jul-23 14:40:00;1,25999999;284,8599854;56,04000092;2,450000048;30,03000069;14,07999992;0;762,8300171;288,1000061;17,90999985
05-jul-23 14:45:00;1,580000043;285,5799866;58,43999863;2,549999952;30,04000092;14,06000042;0;762,8200073;280,480011;17,96999931
05-jul-23 14:50:00;1,909999967;279,7399902;60,20999908;3,329999924;30,03000069;14,06000042;0;762,789978;280,6600037;17,89999962
05-jul-23 14:55:00;2,289999962;287,5400085;61,34999847;3,329999924;30,03000069;14,06000042;0;762,7600098;269,6199951;17,59000015
05-jul-23 15:00:00;2,440000057;290,6400146;61,11000061;3,720000029;30,04000092;14,06000042;0;762,7299805;272,6199951;17,40999985
05-jul-23 15:05:00;2,00999999;299,7799988;61,84000015;3,039999962;30,01000023;14,06999969;0;762,6699829;267,6000061;17,46999931
05-jul-23 15:10:00;1,679999948;294,5799866;62,31000137;2,650000095;30,03000069;14,06999969;0;762,6400146;266,2600098;17,64999962
05-jul-23 15:15:00;1,309999943;287,3399963;63,74000168;2,650000095;30,04000092;14,06999969;0;762,6400146;254,1799927;17,70000076
05-jul-23 15:20:00;1,5;288,4599915;65,37999725;2,74000001;31,89999962;14,03999996;0;762,6699829;257,7999878;17,52000046
05-jul-23 15:25:00;1,190000057;278,7399902;66,44999695;1,960000038;34,68000031;14,06000042;0;762,7000122;241,3000031;17,34000015
05-jul-23 15:30:00;1,299999952;287,9599915;65,62000275;2,160000086;34,68999863;14,06999969;0;762,710022;238,2400055;17,51000023
05-jul-23 15:35:00;1,120000005;293,1600037;65,23999786;1,860000014;34,68999863;11,93000031;0;762,6900024;220,7599945;17,48999977
05-jul-23 15:40:00;1,090000033;291,8800049;65,19000244;1,860000014;34,68000031;11,64999962;0;762,6300049;224,0800018;17,48999977
05-jul-23 15:45:00;1,309999943;306,0400085;65,08000183;2,160000086;34,68999863;11,64000034;0;762,5900269;206,0599976;17,47999954
05-jul-23 15:50:00;0,910000026;259,7399902;65,38999939;1,860000014;34,70000076;11,64000034;0;762,5900269;196,5800018;17,45999908
05-jul-23 15:55:00;1,480000019;255,9400024;62,88999939;2,74000001;34,68999863;11,64000034;0;762,5599976;189,6199951;17,78000069
05-jul-23 16:00:00;0,699999988;188,25;60,95000076;1,860000014;34,68999863;11,64000034;0;762,539978;190,4199982;18,18000031
05-jul-23 16:05:00;1,99000001;55,84999847;62,70999908;3,329999924;34,68000031;11,64000034;0;762,5700073;179,3000031;18,12000084
05-jul-23 16:10:00;2,269999981;62,88999939;64,30000305;3,819999933;34,68999863;11,63000011;0;762,6199951;151,3999939;17,76000023
05-jul-23 16:15:00;2,289999962;54,97000122;66,72000122;4,119999886;34,68999863;11,63000011;0;762,6300049;152,0399933;17,21999931
05-jul-23 16:20:00;1,919999957;54,20999908;68,84999847;3,720000029;39,84000015;11,60999966;0;762,6699829;155,5599976;16,93000031
05-jul-23 16:25:00;2,5;55,27999878;70,62000275;3,920000076;47,59999847;11,61999989;0;762,710022;135,4799957;16,62999916
05-jul-23 16:30:00;2,24000001;52,54999924;72,33000183;4,409999847;47,56999969;11,63000011;0;762,7199707;118,0800018;16,38999939
05-jul-23 16:35:00;2,720000029;63,63000107;73,81999969;4,510000229;47,61000061;10,77000046;0;762,710022;125,6200027;16,19000053
05-jul-23 16:40:00;3,400000095;60,31999969;74,66000366;4,900000095;47,61000061;10,64000034;0;762,7199707;122;15,89999962
05-jul-23 16:45:00;3,480000019;62,15000153;76,51999664;4,800000191;47,59999847;10,64000034;0;762,7000122;99,45999908;15,56999969
05-jul-23 16:50:00;2,170000076;51,43000031;76,81999969;4,510000229;47,59000015;10,64999962;0;762,7299805;87,68000031;15,5
05-jul-23 16:55:00;2,019999981;57,95999908;76,56999969;3,140000105;47,59999847;10,64000034;0;762,75;76,66999817;15,59000015
05-jul-23 17:00:00;2,319999933;61,68000031;77,12000275;3,329999924;47,59000015;10,64000034;0;762,7600098;70,02999878;15,43999958
05-jul-23 17:05:00;1,49000001;52,84999847;77,04000092;2,549999952;47,59000015;10,64999962;0;762,7800293;67,38999939;15,39999962
05-jul-23 17:10:00;0,639999986;68,12000275;77;1,860000014;47,59999847;10,64999962;0;762,8099976;58,54999924;15,47000027
05-jul-23 17:15:00;0,569999993;69;76,66999817;1,570000052;47,61000061;10,64000034;0;762,8200073;48,58000183;15,57999992
05-jul-23 17:20:00;0,639999986;67,77999878;76,61000061;1,269999981;43,65000153;10,64999962;0;762,7999878;42,11000061;15,52999973
05-jul-23 17:25:00;1,269999981;70,33999634;76,83000183;1,860000014;37,58000183;10,65999985;0;762,7999878;36,90999985;15,43000031
05-jul-23 17:30:00;0,970000029;72,98000336;77,08999634;1,75999999;37,58000183;10,67000008;0;762,8300171;32,11000061;15,32999992
05-jul-23 17:35:00;0,579999983;46,91999817;77,26000214;1,179999948;37,58000183;10,02000046;0;762,8400269;23,32999992;15,28999996
05-jul-23 17:40:00;0,529999971;48,56000137;77,55000305;1,080000043;37,58000183;9,920000076;0;762,8300171;16,60000038;15,19999981
05-jul-23 17:45:00;0,730000019;55,72000122;77,83999634;1,269999981;37,56999969;9,93999958;0;762,789978;11,75;15,07999992
05-jul-23 17:50:00;0,920000017;58,70999908;78,31999969;1,470000029;37,56999969;9,899999619;0;762,789978;7,639999866;14,93999958
05-jul-23 17:55:00;0,74000001;57,06999969;78,79000092;1,470000029;37,59000015;9,899999619;0;762,789978;4,409999847;14,81999969
05-jul-23 18:00:00;1,360000014;51,09999847;79,52999878;2,450000048;37,58000183;9,899999619;0;762,7999878;2,410000086;14,68000031
05-jul-23 18:05:00;1,779999971;59,43999863;80,19999695;3,140000105;37,56999969;9,890000343;0;762,7700195;1,639999986;14,56000042
05-jul-23 18:10:00;1,75;53,88000107;81;2,940000057;37,59000015;9,899999619;0;762,7600098;1,610000014;14,39999962
05-jul-23 18:15:00;1,120000005;39,93000031;81,54000092;1,860000014;37,59000015;9,890000343;0;762,7800293;1,74000001;14,32999992
05-jul-23 18:20:00;0,600000024;42,34999847;81,80000305;1,179999948;45,36000061;9,880000114;0;762,7999878;0,610000014;14,27000046
05-jul-23 18:25:00;0,529999971;42,31999969;82,04000092;1,080000043;57,15000153;9,899999619;0;762,789978;0,100000001;14,18999958
05-jul-23 18:30:00;0,200000003;96,73999786;82,30000305;0,879999995;57,13999939;9,899999619;0;762,8300171;0,029999999;14,10999966
05-jul-23 18:35:00;0;0;82,72000122;0;57,13999939;15,07999992;0;762,9199829;0,01;14,05000019
05-jul-23 18:40:00;0;0;82,83999634;0;57,13999939;15,75;0;762,960022;0,01;14,03999996
05-jul-23 18:45:00;0;0;82,80000305;0;57,15000153;15,73999977;0;762,9500122;0;13,97000027
05-jul-23 18:50:00;0,219999999;74,04000092;82,69999695;0,49000001;57,15000153;15,73999977;0;762,9299927;0;13,77000046
05-jul-23 18:55:00;0,709999979;95,69999695;82,66000366;1,080000043;57,15000153;15,73999977;0;762,9699707;0;13,59000015
05-jul-23 19:00:00;0,779999971;86,11000061;82,76000214;1,080000043;57,13000107;15,75;0;762,9400024;0,01;13,43000031
05-jul-23 19:05:00;1,090000033;68,26000214;83,27999878;1,570000052;57,13999939;15,73999977;0;762,9099731;0,02;13,32999992
05-jul-23 19:10:00;0,540000021;102,3000031;83,44000244;0,980000019;57,15999985;15,72000027;0;762,9500122;0,01;13,32999992
05-jul-23 19:15:00;0,629999995;135,3800049;83,58000183;0,980000019;57,16999817;15,72999954;0;763,039978;0;13,34000015
05-jul-23 19:20:00;0,769999981;126,8199997;83,51999664;1,080000043;60,15000153;15,72999954;0;763,0999756;0;13,31000042
05-jul-23 19:25:00;0,579999983;118,9199982;83,68000031;0,980000019;64,65000153;15,75;0;763,1099854;0;13,22999954
05-jul-23 19:30:00;0,600000024;91,73999786;83,58000183;1,080000043;64,66999817;15,75;0;763,1199951;0;13,11999989
05-jul-23 19:35:00;0,180000007;142,4199982;83,51999664;0,689999998;64,66999817;20,87999916;0;763,0900269;0;12,92000008
05-jul-23 19:40:00;0,25999999;245,3399963;83,95999908;0,689999998;64,66000366;21,55999947;0;763,0800171;0;12,73999977
05-jul-23 19:45:00;0,079999998;140,4400024;84,59999847;0,689999998;64,66999817;21,52000046;0;763,0800171;0;12,72999954
05-jul-23 19:50:00;0,600000024;59,22000122;84,94000244;1,75999999;64,66000366;21,51000023;0;763,1199951;0;12,72999954
05-jul-23 19:55:00;0,01;28,12000084;84,77999878;0,200000003;64,66000366;21,53000069;0;763,1799927;0;12,68999958
05-jul-23 20:00:00;0,039999999;136,3999939;85,26000214;0,289999992;64,68000031;21,53000069;0;763,1599731;0;12,60000038
05-jul-23 20:05:00;0,100000001;98,27999878;85,18000031;0,689999998;64,66000366;21,53000069;0;763,2000122;0;12,59000015
05-jul-23 20:10:00;0,569999993;120,0599976;85,72000122;0,980000019;64,66999817;21,54000092;0;763,2299805;0,01;12,57999992
05-jul-23 20:15:00;0,079999998;51,70000076;85,54000092;0,589999974;64,66999817;21,53000069;0;763,2399902;0,02;12,60999966
05-jul-23 20:20:00;0,419999987;82,26000214;85,68000031;0,980000019;66,12000275;21,51000023;0;763,2199707;0,01;12,47999954
05-jul-23 20:25:00;0,460000008;62,13000107;85,54000092;1,370000005;68,30000305;21,53000069;0;763,2299805;0;12,34000015
05-jul-23 20:30:00;0,330000013;204;85,69999695;0,589999974;68,30999756;21,53000069;0;763,25;0;12,18000031
05-jul-23 20:35:00;0,270000011;212,4199982;85,87999725;0,689999998;68,27999878;27,79000092;0;763,2600098;0;12,10000038
05-jul-23 20:40:00;0,360000014;173,9799957;86,12000275;0,689999998;68,30000305;28,62000084;0;763,2700195;0;12,18000031
05-jul-23 20:45:00;0,529999971;153,8600006;86,01999664;0,879999995;68,30999756;28,52000046;0;763,2700195;0;11,98999977
05-jul-23 20:50:00;0,670000017;158,1199951;86,55999756;1,269999981;68,30999756;28,59000015;0;763,3300171;0;11,88000011
05-jul-23 20:55:00;0,680000007;138,2799988;86,45999908;1,179999948;68,30000305;28,62000084;0;763,3400269;0;11,89000034
05-jul-23 21:00:00;0,930000007;139,1999969;86,69999695;1,370000005;68,30000305;28,62999916;0;763,3400269;0;11,75
05-jul-23 21:05:00;0,75;137,1000061;86,69999695;1,179999948;68,30000305;28,59000015;0;763,3900146;0;11,64999962
05-jul-23 21:10:00;1,059999943;107,8799973;86,83999634;1,470000029;68,30000305;28,47999954;0;763,3699951;0;11,51000023
05-jul-23 21:15:00;1,409999967;84,18000031;87,19999695;1,75999999;68,30000305;28,61000061;0;763,3300171;0;11,51000023
05-jul-23 21:20:00;1,179999948;88,55999756;87,05999756;1,669999957;74,88999939;28,61000061;0;763,3200073;0;11,56999969
05-jul-23 21:25:00;0,699999988;97,58000183;86,95999908;1,269999981;84,87999725;28,61000061;0;763,4000244;0;11,55000019
05-jul-23 21:30:00;0,280000001;137,6799927;87,19999695;0,589999974;84,87999725;28,62999916;0;763,4899902;0;11,52000046
05-jul-23 21:35:00;0,49000001;161;87,23999786;0,689999998;84,90000153;37,04999924;0;763,4799805;0;11,47999954
05-jul-23 21:40:00;0,589999974;135,0599976;87,12000275;0,779999971;84,90000153;38,13999939;0;763,4799805;0;11,42000008
05-jul-23 21:45:00;0,629999995;108,8600006;87,12000275;0,879999995;84,87999725;38,04999924;0;763,4899902;0;11,18000031
05-jul-23 21:50:00;0,349999994;68,5;87,18000031;0,879999995;84,90000153;38,11999893;0;763,4699707;0;11
05-jul-23 21:55:00;0,579999983;269,1000061;87,45999908;0,980000019;84,90000153;38,15000153;0;763,5499878;0;10,84000015
05-jul-23 22:00:00;0,889999986;266,8599854;88,33999634;1,179999948;84,86000061;38,15999985;0;763,6300049;0;10,89999962
05-jul-23 22:05:00;0,879999995;275,6400146;88,63999939;1,269999981;84,87999725;38,15000153;0;763,6599731;0;11,25
05-jul-23 22:10:00;0,349999994;252,0800018;88,80000305;0,879999995;84,86000061;38,15000153;0;763,6799927;0;11,39000034
05-jul-23 22:15:00;0,209999993;220,0599976;88,76000214;0,689999998;84,90000153;38,15000153;0;763,6300049;0;11,47000027
05-jul-23 22:20:00;0,5;309,6000061;88,80000305;0,779999971;81,81999969;38,15000153;0;763,6900024;0;11,25
05-jul-23 22:25:00;0,579999983;330,6400146;89,22000122;1,080000043;77,12000275;38,15999985;0;763,7199707;0;11,06999969
05-jul-23 22:30:00;0,209999993;328,5;89,51999664;0,389999986;77,09999847;38,15999985;0;763,7600098;0;10,97999954
05-jul-23 22:35:00;0,07;128,9799957;89,41999817;0,389999986;77,12000275;27,56999969;0;763,7199707;0;10,82999992
05-jul-23 22:40:00;0,569999993;59,33000183;89,76000214;0,980000019;77,09999847;26,17000008;0;763,7000122;0;10,56999969
05-jul-23 22:45:00;0,949999988;90,16999817;90,04000092;1,269999981;77,08999634;26,17000008;0;763,7600098;0;10,64000034
05-jul-23 22:50:00;0,949999988;102,0599976;90,01999664;1,370000005;77,11000061;26,18000031;0;763,7399902;0;10,64999962
05-jul-23 22:55:00;0,800000012;91,66000366;90,19999695;1,080000043;77,11000061;26,04000092;0;763,7299805;0;10,60999966
05-jul-23 23:00:00;0,959999979;67,41999817;90,31999969;1,269999981;77,11000061;26,04999924;0;763,75;0;10,63000011
05-jul-23 23:05:00;1,159999967;78,98000336;90,5;1,470000029;77,11000061;26,04999924;0;763,7600098;0;10,64000034
05-jul-23 23:10:00;1,279999971;83,06999969;90,48000336;1,470000029;77,12000275;26,04000092;0;763,7199707;0;10,72999954
05-jul-23 23:15:00;1,080000043;81,84999847;90,54000092;1,269999981;77,09999847;26,04000092;0;763,710022;0;10,75
05-jul-23 23:20:00;0,879999995;102,1399994;90,37999725;1,179999948;71;26,04000092;0;763,7399902;0;10,71000004
05-jul-23 23:25:00;1,110000014;93,54000092;90,58000183;1,470000029;61,68999863;26,04999924;0;763,7199707;0;10,64000034
05-jul-23 23:30:00;1,139999986;90,52999878;90,80000305;1,669999957;61,68000031;26,04999924;0;763,7299805;0;10,68000031
05-jul-23 23:35:00;0,670000017;140,1600037;90,23999786;2,059999943;61,68999863;33,86000061;0;763,7800293;0;10,69999981
05-jul-23 23:40:00;0,730000019;265,3599854;90,95999908;2,059999943;61,68000031;34,90999985;0;763,8300171;0;10,57999992
06-jul-23 00:00:00;1,360000014;14,94999981;91,30000305;1,75999999;61,68999863;35,02999878;0;763,789978;0;10,67000008
06-jul-23 00:05:00;1,139999986;15,98999977;91,23999786;1,669999957;61,68000031;35,02999878;0;763,75;0;10,72000027
06-jul-23 00:10:00;1,169999957;2,650000095;91,26000214;1,860000014;61,68999863;34,91999817;0;763,7600098;0;10,72000027
06-jul-23 00:15:00;1,5;7,949999809;91,5;2,160000086;61,68999863;34,88999939;0;763,7700195;0;10,71000004
06-jul-23 00:20:00;1,070000052;145,5299988;91,18000031;1,860000014;55,91999817;34,88000107;0;763,789978;0;10,84000015
06-jul-23 00:25:00;0,02;81,19000244;90,73999786;0,289999992;47,09999847;34,99000168;0;763,7600098;0;10,64999962
06-jul-23 00:30:00;0,349999994;143,6100006;91,04000092;1,269999981;47,09000015;35;0;763,7800293;0;10,42000008
06-jul-23 00:35:00;0,270000011;6,909999847;90,98000336;0,980000019;47,09999847;22,04999924;0;763,7800293;0;10,35999966
06-jul-23 00:40:00;0,129999995;37,58000183;90,95999908;0,879999995;47,09999847;20,35000038;0;763,8099976;0;10,22000027
06-jul-23 00:45:00;0,209999993;62,06999969;91,55999756;0,779999971;47,09999847;20,34000015;0;763,7800293;0;10,02000046
06-jul-23 00:50:00;0,340000004;101,5599976;91,33999634;0,879999995;47,09999847;20,38999939;0;763,75;0;10,11999989
06-jul-23 00:55:00;0,109999999;80,90000153;91,08000183;0,49000001;47,11000061;20,37999916;0;763,7399902;0;9,880000114
06-jul-23 01:00:00;0;0;91,12000275;0;49,50999832;20,34000015;0;763,789978;0;9,659999847
06-jul-23 01:05:00;0,280000001;117,2600021;91,48000336;0,589999974;101,8899994;20,29999924;0;763,7800293;0;9,520000458
06-jul-23 01:10:00;0,540000021;67,80000305;91,40000153;0,980000019;1,220000029;20,29999924;0;763,7199707;0;9,43999958
06-jul-23 01:15:00;0,409999996;34,29000092;91,69999695;0,980000019;1,220000029;20,29000092;0;763,6699829;0,01;9,479999542
06-jul-23 01:20:00;0;0;91,58000183;0;397,75;20,29999924;0;763,6099854;0,01;9,590000153
06-jul-23 01:25:00;0,25;55,68000031;91,26000214;0,689999998;1001;20,31999969;0;763,6300049;0,01;9,449999809
06-jul-23 01:30:00;0,49000001;113,1600037;91,51999664;0,779999971;1001;20,32999992;0;763,6300049;0,01;9,270000458
06-jul-23 01:35:00;0,119999997;110,9599991;91,54000092;0,389999986;1001;27,97999954;0;763,5999756;0,01;9,210000038
06-jul-23 01:40:00;0,189999998;114,4400024;91,69999695;0,589999974;1001;29,03000069;0;763,5999756;0;9,279999733
06-jul-23 01:45:00;0,230000004;61,45999908;91,63999939;0,779999971;1001;29,12000084;0;763,5999756;0;9,170000076
06-jul-23 01:50:00;0;0;91,62000275;0;1001;29,18000031;0;763,6099854;0;9,079999924
06-jul-23 01:55:00;0,129999995;60,13999939;91,98000336;0,389999986;1001;29,20000076;0;763,6199951;0;9,050000191
06-jul-23 02:00:00;0;0;91,69999695;0;1001;29,19000053;0;763,6300049;0;9,109999657
06-jul-23 02:05:00;0;0;92;0;1001;29,20000076;0;763,5999756;0;9,020000458
